🔄 Running Prisma migrations...
Prisma schema loaded from prisma\schema.prisma
Datasource "db": PostgreSQL database "aoi_checklist", schema "public" at "localhost:5432"

10 migrations found in prisma/migrations


No pending migrations to apply.
✅ Prisma migrations applied successfully
👤 Default admin user checked/created successfully
🏭 Line status table seeded successfully
🚀 Server running on http://localhost:5001
[AUTH] Login attempt received for username: "abhinandan"
[AUTH] Login successful: User "abhinandan" (Role: super_admin)
[AUTH] Login attempt received for username: "abhinandan"
[AUTH] Login successful: User "abhinandan" (Role: super_admin)
[AUTH] Login attempt received for username: "95003873"
[AUTH] Login successful: User "95003873" (Role: technician)
[AUTH] Login attempt received for username: "95004181"
[AUTH] Login successful: User "95004181" (Role: technician)
[AUTH] Login attempt received for username: "95002872"
[AUTH] Login successful: User "95002872" (Role: engineer)
🔄 Running Prisma migrations...
Prisma schema loaded from prisma\schema.prisma
Datasource "db": PostgreSQL database "aoi_checklist", schema "public" at "localhost:5432"

11 migrations found in prisma/migrations


No pending migrations to apply.
✅ Prisma migrations applied successfully
👤 Default admin user checked/created successfully
🏭 Line status table seeded successfully
🚀 Server running on http://localhost:5001
[AUTH] Login attempt received for username: "abhinandan"
[AUTH] Login successful: User "abhinandan" (Role: super_admin)
[AUTH] Login attempt received for username: "95004154"
[AUTH] Login successful: User "95004154" (Role: technician)
[AUTH] Login attempt received for username: "abhinandan"
[AUTH] Login successful: User "abhinandan" (Role: super_admin)
[AUTH] Login attempt received for username: "95002872"
[AUTH] Login successful: User "95002872" (Role: engineer)
🔄 Running Prisma migrations...
Prisma schema loaded from prisma\schema.prisma
Datasource "db": PostgreSQL database "aoi_checklist", schema "public" at "localhost:5432"

12 migrations found in prisma/migrations


No pending migrations to apply.
✅ Prisma migrations applied successfully
👤 Default admin user checked/created successfully
🏭 Line status table seeded successfully
🚀 Server running on http://localhost:5001
[AUTH] Login attempt received for username: "abhinandan"
[AUTH] Login successful: User "abhinandan" (Role: super_admin)
[AUTH] Login attempt received for username: "95002872"
[AUTH] Login successful: User "95002872" (Role: engineer)
🔄 Running Prisma migrations...
Prisma schema loaded from prisma\schema.prisma
Datasource "db": PostgreSQL database "aoi_checklist", schema "public" at "localhost:5432"

12 migrations found in prisma/migrations


No pending migrations to apply.
✅ Prisma migrations applied successfully
👤 Default admin user checked/created successfully
🏭 Line status table seeded successfully
🚀 Server running on http://localhost:5001
[AUTH] Login attempt received for username: "abhinandan"
[AUTH] Login successful: User "abhinandan" (Role: super_admin)
[AUTH] Login attempt received for username: "95002872"
[AUTH] Login successful: User "95002872" (Role: engineer)
[AUTH] Login attempt received for username: "abhinandan"
[AUTH] Login successful: User "abhinandan" (Role: super_admin)
🔄 Running Prisma migrations...
Prisma schema loaded from prisma\schema.prisma
Datasource "db": PostgreSQL database "aoi_checklist", schema "public" at "localhost:5432"

12 migrations found in prisma/migrations


No pending migrations to apply.
✅ Prisma migrations applied successfully
👤 Default admin user checked/created successfully
🏭 Line status table seeded successfully
🚀 Server running on http://localhost:5001
[AUTH] Login attempt received for username: "95003939"
[AUTH] Login successful: User "95003939" (Role: technician)
[AUTH] Login attempt received for username: "95005077"
[AUTH] Login successful: User "95005077" (Role: technician)
[AUTH] Login attempt received for username: "abhinandan"
[AUTH] Login successful: User "abhinandan" (Role: super_admin)
[AUTH] Login attempt received for username: "95003939"
[AUTH] Login successful: User "95003939" (Role: technician)
[AUTH] Login attempt received for username: "95005077"
[AUTH] Login successful: User "95005077" (Role: technician)
[AUTH] Login attempt received for username: "95002872"
[AUTH] Login successful: User "95002872" (Role: engineer)
[AUTH] Login attempt received for username: "abhinandan"
[AUTH] Login successful: User "abhinandan" (Role: super_admin)
[AUTH] Login attempt received for username: "95004154"
[AUTH] Login successful: User "95004154" (Role: technician)
🔄 Running Prisma migrations...
Prisma schema loaded from prisma\schema.prisma
Datasource "db": PostgreSQL database "aoi_checklist", schema "public" at "localhost:5432"

12 migrations found in prisma/migrations


No pending migrations to apply.
✅ Prisma migrations applied successfully
👤 Default admin user checked/created successfully
🏭 Line status table seeded successfully
🚀 Server running on http://localhost:5001
[AUTH] Login attempt received for username: "95005077"
[AUTH] Login successful: User "95005077" (Role: technician)
[AUTH] Login attempt received for username: "95002872"
[AUTH] Login successful: User "95002872" (Role: engineer)
[AUTH] Login attempt received for username: "abhinandan"
[AUTH] Login successful: User "abhinandan" (Role: super_admin)
[AUTH] Login attempt received for username: "95003939"
[AUTH] Login successful: User "95003939" (Role: technician)
[AUTH] Login attempt received for username: "abhinandan"
[AUTH] Login successful: User "abhinandan" (Role: super_admin)
[AUTH] Login attempt received for username: "95003939"
[AUTH] Login successful: User "95003939" (Role: technician)
[AUTH] Login attempt received for username: "95003939"
[AUTH] Login successful: User "95003939" (Role: technician)
[AUTH] Login attempt received for username: "abhinandan"
[AUTH] Login successful: User "abhinandan" (Role: super_admin)
[AUTH] Login attempt received for username: "95002872"
[AUTH] Login successful: User "95002872" (Role: engineer)
[AUTH] Login attempt received for username: "95001033"
[AUTH] Login successful: User "95001033" (Role: admin)
[AUTH] Login attempt received for username: "95004143"
[AUTH] Login failed: Incorrect password for user "95004143"
[AUTH] Login attempt received for username: "95004143"
[AUTH] Login successful: User "95004143" (Role: technician)
[AUTH] Login attempt received for username: "95004143"
[AUTH] Login successful: User "95004143" (Role: technician)
[AUTH] Login attempt received for username: "95003873"
[AUTH] Login successful: User "95003873" (Role: technician)
[AUTH] Login attempt received for username: "95004182"
[AUTH] Login successful: User "95004182" (Role: engineer)
[AUTH] Login attempt received for username: "95003873"
[AUTH] Login successful: User "95003873" (Role: technician)
[AUTH] Login attempt received for username: "95004143"
[AUTH] Login successful: User "95004143" (Role: technician)
[AUTH] Login attempt received for username: "95004182"
[AUTH] Login successful: User "95004182" (Role: engineer)
[AUTH] Login attempt received for username: "95005077"
[AUTH] Login successful: User "95005077" (Role: technician)
[AUTH] Login attempt received for username: "95004181"
[AUTH] Login successful: User "95004181" (Role: technician)
[AUTH] Login attempt received for username: "95003939"
[AUTH] Login successful: User "95003939" (Role: technician)
[AUTH] Login attempt received for username: "95002872"
[AUTH] Login successful: User "95002872" (Role: engineer)
[AUTH] Login attempt received for username: "95003939"
[AUTH] Login successful: User "95003939" (Role: technician)
[AUTH] Login attempt received for username: "95005077"
[AUTH] Login successful: User "95005077" (Role: technician)
[AUTH] Login attempt received for username: "95003939"
[AUTH] Login successful: User "95003939" (Role: technician)
[AUTH] Login attempt received for username: "95002872"
[AUTH] Login successful: User "95002872" (Role: engineer)
[AUTH] Login attempt received for username: "95002872"
[AUTH] Login successful: User "95002872" (Role: engineer)
[AUTH] Login attempt received for username: "95003939"
[AUTH] Login successful: User "95003939" (Role: technician)
[AUTH] Login attempt received for username: "95005077"
[AUTH] Login successful: User "95005077" (Role: technician)
[AUTH] Login attempt received for username: "95003873"
[AUTH] Login successful: User "95003873" (Role: technician)
[AUTH] Login attempt received for username: "95004182"
[AUTH] Login successful: User "95004182" (Role: engineer)
[AUTH] Login attempt received for username: "95004143"
[AUTH] Login failed: Incorrect password for user "95004143"
[AUTH] Login attempt received for username: "95004143"
[AUTH] Login failed: Incorrect password for user "95004143"
[AUTH] Login attempt received for username: "95004143"
[AUTH] Login failed: Incorrect password for user "95004143"
[AUTH] Login attempt received for username: "95004143"
[AUTH] Login failed: Incorrect password for user "95004143"
[AUTH] Login attempt received for username: "95004143"
[AUTH] Login successful: User "95004143" (Role: technician)
[AUTH] Login attempt received for username: "95004182"
[AUTH] Login successful: User "95004182" (Role: engineer)
[AUTH] Login attempt received for username: "10991694"
[AUTH] Login successful: User "10991694" (Role: super_admin)
[AUTH] Login attempt received for username: "95003869"
[AUTH] Login successful: User "95003869" (Role: technician)
[AUTH] Login attempt received for username: "95004561"
[AUTH] Login successful: User "95004561" (Role: technician)
[AUTH] Login attempt received for username: "95003456"
[AUTH] Login successful: User "95003456" (Role: technician)
🔄 Running Prisma migrations...
Prisma schema loaded from prisma\schema.prisma
Datasource "db": PostgreSQL database "aoi_checklist", schema "public" at "localhost:5432"

12 migrations found in prisma/migrations


No pending migrations to apply.
✅ Prisma migrations applied successfully
👤 Default admin user checked/created successfully
🏭 Line status table seeded successfully
🚀 Server running on http://localhost:5001
[AUTH] Login attempt received for username: "abhinandan"
[AUTH] Login successful: User "abhinandan" (Role: super_admin)
[AUTH] Login attempt received for username: "95003869"
[AUTH] Login successful: User "95003869" (Role: technician)
🔄 Running Prisma migrations...
🔄 Running Prisma migrations...
Prisma schema loaded from prisma\schema.prisma
Datasource "db": PostgreSQL database "aoi_checklist", schema "public" at "localhost:5432"

12 migrations found in prisma/migrations


No pending migrations to apply.
✅ Prisma migrations applied successfully
👤 Default admin user checked/created successfully
🏭 Line status table seeded successfully
🚀 Server running on http://localhost:5001
[AUTH] Login attempt received for username: "95003456"
[AUTH] Login successful: User "95003456" (Role: technician)
🔄 Running Prisma migrations...
Prisma schema loaded from prisma\schema.prisma
Datasource "db": PostgreSQL database "aoi_checklist", schema "public" at "localhost:5432"

12 migrations found in prisma/migrations


No pending migrations to apply.
✅ Prisma migrations applied successfully
👤 Default admin user checked/created successfully
🏭 Line status table seeded successfully
🚀 Server running on http://localhost:5001
[AUTH] Login attempt received for username: "abhinandan"
[AUTH] Login successful: User "abhinandan" (Role: super_admin)
🔄 Running Prisma migrations...
Prisma schema loaded from prisma\schema.prisma
Datasource "db": PostgreSQL database "aoi_checklist", schema "public" at "localhost:5432"

12 migrations found in prisma/migrations


No pending migrations to apply.
✅ Prisma migrations applied successfully
👤 Default admin user checked/created successfully
🏭 Line status table seeded successfully
🚀 Server running on http://localhost:5001
🔄 Running Prisma migrations...
Prisma schema loaded from prisma\schema.prisma
Datasource "db": PostgreSQL database "aoi_checklist", schema "public" at "localhost:5432"

12 migrations found in prisma/migrations


No pending migrations to apply.
✅ Prisma migrations applied successfully
👤 Default admin user checked/created successfully
🏭 Line status table seeded successfully
🚀 Server running on http://localhost:5001
[AUTH] Login attempt received for username: "abhinandan"
[AUTH] Login successful: User "abhinandan" (Role: super_admin)
[AUTH] Login attempt received for username: "95003456"
[AUTH] Login successful: User "95003456" (Role: technician)
[AUTH] Login attempt received for username: "95003939"
[AUTH] Login successful: User "95003939" (Role: technician)
[AUTH] Login attempt received for username: "abhinandan"
[AUTH] Login successful: User "abhinandan" (Role: super_admin)
[AUTH] Login attempt received for username: "95003869"
[AUTH] Login successful: User "95003869" (Role: engineer)
[AUTH] Login attempt received for username: "95005413"
[AUTH] Login successful: User "95005413" (Role: engineer)
[AUTH] Login attempt received for username: "95004582"
[AUTH] Login successful: User "95004582" (Role: technician)
[AUTH] Login attempt received for username: "95005413"
[AUTH] Login successful: User "95005413" (Role: engineer)
[AUTH] Login attempt received for username: "95003869"
[AUTH] Login successful: User "95003869" (Role: engineer)
[AUTH] Login attempt received for username: "95003869"
[AUTH] Login successful: User "95003869" (Role: engineer)
[AUTH] Login attempt received for username: "95005413"
[AUTH] Login successful: User "95005413" (Role: engineer)
[AUTH] Login attempt received for username: "abhinandan"
[AUTH] Login successful: User "abhinandan" (Role: super_admin)
[AUTH] Login attempt received for username: "95004582"
[AUTH] Login successful: User "95004582" (Role: technician)
[AUTH] Login attempt received for username: "95004582"
[AUTH] Login successful: User "95004582" (Role: technician)
[AUTH] Login attempt received for username: "91060891"
[AUTH] Login failed: Username "91060891" not found
[AUTH] Login attempt received for username: "SMT"
[AUTH] Login failed: Incorrect password for user "SMT"
[AUTH] Login attempt received for username: "admin"
[AUTH] Login successful: User "admin" (Role: admin)
🔄 Running Prisma migrations...
Prisma schema loaded from prisma\schema.prisma
Datasource "db": PostgreSQL database "aoi_checklist", schema "public" at "localhost:5432"

12 migrations found in prisma/migrations


No pending migrations to apply.
✅ Prisma migrations applied successfully
👤 Default admin user checked/created successfully
🏭 Line status table seeded successfully
🚀 Server running on http://localhost:5001
🔄 Running Prisma migrations...
Prisma schema loaded from prisma\schema.prisma
Datasource "db": PostgreSQL database "aoi_checklist", schema "public" at "localhost:5432"

12 migrations found in prisma/migrations


No pending migrations to apply.
✅ Prisma migrations applied successfully
👤 Default admin user checked/created successfully
🏭 Line status table seeded successfully
🚀 Server running on http://localhost:5001
🔄 Running Prisma migrations...
Prisma schema loaded from prisma\schema.prisma
Datasource "db": PostgreSQL database "aoi_checklist", schema "public" at "localhost:5432"

12 migrations found in prisma/migrations


No pending migrations to apply.
✅ Prisma migrations applied successfully
👤 Default admin user checked/created successfully
🏭 Line status table seeded successfully
🚀 Server running on http://localhost:5001
[AUTH] Login attempt received for username: "95004582"
[AUTH] Login successful: User "95004582" (Role: technician)
[AUTH] Login attempt received for username: "95004561"
[AUTH] Login successful: User "95004561" (Role: technician)
[AUTH] Login attempt received for username: "95003869"
[AUTH] Login successful: User "95003869" (Role: engineer)
[AUTH] Login attempt received for username: "abhinandan"
[AUTH] Login successful: User "abhinandan" (Role: super_admin)
[AUTH] Login attempt received for username: "95004582"
[AUTH] Login successful: User "95004582" (Role: technician)
[AUTH] Login attempt received for username: "95003869"
[AUTH] Login successful: User "95003869" (Role: engineer)
[AUTH] Login attempt received for username: "95004143"
[AUTH] Login failed: Incorrect password for user "95004143"
[AUTH] Login attempt received for username: "95004143"
[AUTH] Login successful: User "95004143" (Role: technician)
[AUTH] Login attempt received for username: "95003873"
[AUTH] Login successful: User "95003873" (Role: technician)
[AUTH] Login attempt received for username: "95004182"
[AUTH] Login successful: User "95004182" (Role: engineer)
[AUTH] Login attempt received for username: "95001033"
[AUTH] Login successful: User "95001033" (Role: admin)
[AUTH] Login attempt received for username: "95005080"
[AUTH] Login successful: User "95005080" (Role: engineer)
[AUTH] Login attempt received for username: "95005080"
[AUTH] Login successful: User "95005080" (Role: engineer)
[AUTH] Login attempt received for username: "95004561"
[AUTH] Login successful: User "95004561" (Role: technician)
[AUTH] Login attempt received for username: "abhinandan"
[AUTH] Login successful: User "abhinandan" (Role: super_admin)
[AUTH] Login attempt received for username: "95003456"
[AUTH] Login successful: User "95003456" (Role: technician)
[AUTH] Login attempt received for username: "95004582"
[AUTH] Login successful: User "95004582" (Role: technician)
[AUTH] Login attempt received for username: "95004561"
[AUTH] Login successful: User "95004561" (Role: technician)
[AUTH] Login attempt received for username: "95003869"
[AUTH] Login successful: User "95003869" (Role: engineer)
[AUTH] Login attempt received for username: "95003869"
[AUTH] Login successful: User "95003869" (Role: engineer)
🔄 Running Prisma migrations...
Prisma schema loaded from prisma\schema.prisma
Datasource "db": PostgreSQL database "aoi_checklist", schema "public" at "localhost:5432"

12 migrations found in prisma/migrations


No pending migrations to apply.
✅ Prisma migrations applied successfully
👤 Default admin user checked/created successfully
🏭 Line status table seeded successfully
🚀 Server running on http://localhost:5001
[AUTH] Login attempt received for username: "abhinandan"
[AUTH] Login successful: User "abhinandan" (Role: super_admin)
[AUTH] Login attempt received for username: "admin"
[AUTH] Login successful: User "admin" (Role: admin)
[AUTH] Login attempt received for username: "abhinandan"
[AUTH] Login successful: User "abhinandan" (Role: super_admin)
[AUTH] Login attempt received for username: "abhinandan"
[AUTH] Login successful: User "abhinandan" (Role: super_admin)
[AUTH] Login attempt received for username: "95003873"
[AUTH] Login successful: User "95003873" (Role: technician)
[AUTH] Login attempt received for username: "95004182"
[AUTH] Login successful: User "95004182" (Role: engineer)
[AUTH] Login attempt received for username: "95003873"
[AUTH] Login successful: User "95003873" (Role: technician)
[AUTH] Login attempt received for username: "95004143"
[AUTH] Login successful: User "95004143" (Role: technician)
[AUTH] Login attempt received for username: "95004143"
[AUTH] Login successful: User "95004143" (Role: technician)
[AUTH] Login attempt received for username: "95004182"
[AUTH] Login successful: User "95004182" (Role: engineer)
[AUTH] Login attempt received for username: "95005080"
[AUTH] Login successful: User "95005080" (Role: engineer)
[AUTH] Login attempt received for username: "95004582"
[AUTH] Login successful: User "95004582" (Role: technician)
[AUTH] Login attempt received for username: "95003456"
[AUTH] Login successful: User "95003456" (Role: technician)
[AUTH] Login attempt received for username: "95003869"
[AUTH] Login successful: User "95003869" (Role: engineer)
[AUTH] Login attempt received for username: "95004561"
[AUTH] Login successful: User "95004561" (Role: technician)
[AUTH] Login attempt received for username: "95003869"
[AUTH] Login successful: User "95003869" (Role: engineer)
[AUTH] Login attempt received for username: "95004561"
[AUTH] Login successful: User "95004561" (Role: technician)
[AUTH] Login attempt received for username: "95004582"
[AUTH] Login successful: User "95004582" (Role: technician)
[AUTH] Login attempt received for username: "95003869"
[AUTH] Login successful: User "95003869" (Role: engineer)
[AUTH] Login attempt received for username: "abhinandan"
[AUTH] Login successful: User "abhinandan" (Role: super_admin)
[AUTH] Login attempt received for username: "abhinandan"
[AUTH] Login successful: User "abhinandan" (Role: super_admin)
[AUTH] Login attempt received for username: "abhinandan"
[AUTH] Login successful: User "abhinandan" (Role: super_admin)
[AUTH] Login attempt received for username: "95003869"
[AUTH] Login successful: User "95003869" (Role: engineer)
[AUTH] Login attempt received for username: "95004181"
[AUTH] Login successful: User "95004181" (Role: technician)
[AUTH] Login attempt received for username: "95005077"
[AUTH] Login successful: User "95005077" (Role: technician)
[AUTH] Login attempt received for username: "95003939"
[AUTH] Login successful: User "95003939" (Role: technician)
[AUTH] Login attempt received for username: "95005077"
[AUTH] Login successful: User "95005077" (Role: technician)
[AUTH] Login attempt received for username: "95005077"
[AUTH] Login successful: User "95005077" (Role: technician)
[AUTH] Login attempt received for username: "95003939"
[AUTH] Login successful: User "95003939" (Role: technician)
[AUTH] Login attempt received for username: "95003939"
[AUTH] Login successful: User "95003939" (Role: technician)
[AUTH] Login attempt received for username: "SMT"
[AUTH] Login failed: Incorrect password for user "SMT"
[AUTH] Login attempt received for username: "SMT"
[AUTH] Login failed: Incorrect password for user "SMT"
[AUTH] Login attempt received for username: "SMT"
[AUTH] Login failed: Incorrect password for user "SMT"
[AUTH] Login attempt received for username: "SMT"
[AUTH] Login successful: User "SMT" (Role: inspector)
[AUTH] Login attempt received for username: "abhinandan"
[AUTH] Login successful: User "abhinandan" (Role: super_admin)
[AUTH] Login attempt received for username: "95004561"
[AUTH] Login successful: User "95004561" (Role: technician)
[AUTH] Login attempt received for username: "95004582"
[AUTH] Login successful: User "95004582" (Role: technician)
[AUTH] Login attempt received for username: "95003869"
[AUTH] Login successful: User "95003869" (Role: engineer)
[AUTH] Login attempt received for username: "95004586"
[AUTH] Login failed: Username "95004586" not found
[AUTH] Login attempt received for username: "95004586"
[AUTH] Login failed: Username "95004586" not found
[AUTH] Login attempt received for username: "95004586"
[AUTH] Login failed: Username "95004586" not found
[AUTH] Login attempt received for username: "95004586"
[AUTH] Login failed: Username "95004586" not found
[AUTH] Login attempt received for username: "95004586"
[AUTH] Login failed: Username "95004586" not found
[AUTH] Login attempt received for username: "95004586"
[AUTH] Login failed: Username "95004586" not found
[AUTH] Login attempt received for username: "95004586"
[AUTH] Login failed: Username "95004586" not found
[AUTH] Login attempt received for username: "95004586"
[AUTH] Login failed: Username "95004586" not found
[AUTH] Login attempt received for username: "95004586"
[AUTH] Login failed: Username "95004586" not found
[AUTH] Login attempt received for username: "95004586"
[AUTH] Login failed: Username "95004586" not found
[AUTH] Login attempt received for username: "95004561"
[AUTH] Login successful: User "95004561" (Role: technician)
[AUTH] Login attempt received for username: "abhinandan"
[AUTH] Login successful: User "abhinandan" (Role: super_admin)
[AUTH] Login attempt received for username: "95004585"
[AUTH] Login failed: Username "95004585" not found
[AUTH] Login attempt received for username: "95004582"
[AUTH] Login failed: Incorrect password for user "95004582"
[AUTH] Login attempt received for username: "95004582"
[AUTH] Login failed: Incorrect password for user "95004582"
[AUTH] Login attempt received for username: "95004582"
[AUTH] Login failed: Incorrect password for user "95004582"
[AUTH] Login attempt received for username: "95004582"
[AUTH] Login failed: Incorrect password for user "95004582"
[AUTH] Login attempt received for username: "95004582"
[AUTH] Login failed: Incorrect password for user "95004582"
[AUTH] Login attempt received for username: "95004582"
[AUTH] Login failed: Incorrect password for user "95004582"
[AUTH] Login attempt received for username: "95004582"
[AUTH] Login successful: User "95004582" (Role: technician)
[AUTH] Login attempt received for username: "10991694"
[AUTH] Login successful: User "10991694" (Role: super_admin)
[AUTH] Login attempt received for username: "abhinandan"
[AUTH] Login successful: User "abhinandan" (Role: super_admin)
[AUTH] Login attempt received for username: "95003869"
[AUTH] Login successful: User "95003869" (Role: engineer)
[AUTH] Login attempt received for username: "95004582"
[AUTH] Login successful: User "95004582" (Role: technician)
[AUTH] Login attempt received for username: "95004561"
[AUTH] Login successful: User "95004561" (Role: technician)
[AUTH] Login attempt received for username: "95004181"
[AUTH] Login successful: User "95004181" (Role: technician)
[AUTH] Login attempt received for username: "95002872"
[AUTH] Login successful: User "95002872" (Role: engineer)
[AUTH] Login attempt received for username: "95003939"
[AUTH] Login successful: User "95003939" (Role: technician)
[AUTH] Login attempt received for username: "95005077"
[AUTH] Login successful: User "95005077" (Role: technician)
[AUTH] Login attempt received for username: "95005077"
[AUTH] Login failed: Incorrect password for user "95005077"
[AUTH] Login attempt received for username: "95005077"
[AUTH] Login successful: User "95005077" (Role: technician)
[AUTH] Login attempt received for username: "95001033"
[AUTH] Login successful: User "95001033" (Role: admin)
[AUTH] Login attempt received for username: "95002872"
[AUTH] Login failed: Incorrect password for user "95002872"
[AUTH] Login attempt received for username: "95002872"
[AUTH] Login successful: User "95002872" (Role: engineer)
[AUTH] Login attempt received for username: "95001033"
[AUTH] Login successful: User "95001033" (Role: admin)
[AUTH] Login attempt received for username: "95004305"
[AUTH] Login failed: Incorrect password for user "95004305"
[AUTH] Login attempt received for username: "95004305"
[AUTH] Login failed: Incorrect password for user "95004305"
[AUTH] Login attempt received for username: "95004305"
[AUTH] Login failed: Incorrect password for user "95004305"
[AUTH] Login attempt received for username: "95004305"
[AUTH] Login failed: Incorrect password for user "95004305"
[AUTH] Login attempt received for username: "95004305"
[AUTH] Login failed: Incorrect password for user "95004305"
[AUTH] Login attempt received for username: "95004305"
[AUTH] Login failed: Incorrect password for user "95004305"
[AUTH] Login attempt received for username: "95003939"
[AUTH] Login successful: User "95003939" (Role: technician)
[AUTH] Login attempt received for username: "abhinandan"
[AUTH] Login successful: User "abhinandan" (Role: super_admin)
[AUTH] Login attempt received for username: "95004143"
[AUTH] Login failed: Incorrect password for user "95004143"
[AUTH] Login attempt received for username: "95004143"
[AUTH] Login successful: User "95004143" (Role: technician)
[AUTH] Login attempt received for username: "95004182"
[AUTH] Login successful: User "95004182" (Role: engineer)
[AUTH] Login attempt received for username: "95003873"
[AUTH] Login successful: User "95003873" (Role: technician)
[AUTH] Login attempt received for username: "95004586"
[AUTH] Login failed: Username "95004586" not found
[AUTH] Login attempt received for username: "95004586"
[AUTH] Login failed: Username "95004586" not found
[AUTH] Login attempt received for username: "95004586"
[AUTH] Login failed: Username "95004586" not found
[AUTH] Login attempt received for username: "95004586"
[AUTH] Login failed: Username "95004586" not found
[AUTH] Login attempt received for username: "95004586"
[AUTH] Login failed: Username "95004586" not found
[AUTH] Login attempt received for username: "95004586"
[AUTH] Login failed: Username "95004586" not found
[AUTH] Login attempt received for username: "abhinandan"
[AUTH] Login successful: User "abhinandan" (Role: super_admin)
[AUTH] Login attempt received for username: "95004181"
[AUTH] Login successful: User "95004181" (Role: technician)
[AUTH] Login attempt received for username: "95005077"
[AUTH] Login successful: User "95005077" (Role: technician)
[AUTH] Login attempt received for username: "95004154"
[AUTH] Login successful: User "95004154" (Role: technician)
[AUTH] Login attempt received for username: "95003939"
[AUTH] Login successful: User "95003939" (Role: technician)
[AUTH] Login attempt received for username: "95004154"
[AUTH] Login successful: User "95004154" (Role: technician)
[AUTH] Login attempt received for username: "95002872"
[AUTH] Login successful: User "95002872" (Role: engineer)
[AUTH] Login attempt received for username: "95004182"
[AUTH] Login successful: User "95004182" (Role: engineer)
[AUTH] Login attempt received for username: "95005080"
[AUTH] Login successful: User "95005080" (Role: engineer)
[AUTH] Login attempt received for username: "95004143"
[AUTH] Login successful: User "95004143" (Role: technician)
[AUTH] Login attempt received for username: "95003873"
[AUTH] Login successful: User "95003873" (Role: technician)
[AUTH] Login attempt received for username: "abhinandan"
[AUTH] Login successful: User "abhinandan" (Role: super_admin)
[AUTH] Login attempt received for username: "abhinandan"
[AUTH] Login successful: User "abhinandan" (Role: super_admin)
[AUTH] Login attempt received for username: "95005080"
[AUTH] Login successful: User "95005080" (Role: engineer)
[AUTH] Login attempt received for username: "95004181"
[AUTH] Login successful: User "95004181" (Role: technician)
[AUTH] Login attempt received for username: "95003939"
[AUTH] Login successful: User "95003939" (Role: technician)
[AUTH] Login attempt received for username: "95004154"
[AUTH] Login successful: User "95004154" (Role: technician)
[AUTH] Login attempt received for username: "95004154"
[AUTH] Login successful: User "95004154" (Role: technician)
[AUTH] Login attempt received for username: "95003939"
[AUTH] Login successful: User "95003939" (Role: technician)
[AUTH] Login attempt received for username: "95002872"
[AUTH] Login successful: User "95002872" (Role: engineer)
[AUTH] Login attempt received for username: "95003939"
[AUTH] Login successful: User "95003939" (Role: technician)
[AUTH] Login attempt received for username: "95005077"
[AUTH] Login successful: User "95005077" (Role: technician)
[AUTH] Login attempt received for username: "95004182"
[AUTH] Login successful: User "95004182" (Role: engineer)
[AUTH] Login attempt received for username: "abhinandan"
[AUTH] Login successful: User "abhinandan" (Role: super_admin)
[AUTH] Login attempt received for username: "95003873"
[AUTH] Login successful: User "95003873" (Role: technician)
[AUTH] Login attempt received for username: "95005080"
[AUTH] Login successful: User "95005080" (Role: engineer)
[AUTH] Login attempt received for username: "95004143"
[AUTH] Login failed: Incorrect password for user "95004143"
[AUTH] Login attempt received for username: "95004143"
[AUTH] Login failed: Incorrect password for user "95004143"
[AUTH] Login attempt received for username: "abhinandan"
[AUTH] Login successful: User "abhinandan" (Role: super_admin)
[AUTH] Login attempt received for username: "95004143"
[AUTH] Login successful: User "95004143" (Role: technician)
[AUTH] Login attempt received for username: "SMT"
[AUTH] Login successful: User "SMT" (Role: inspector)
[AUTH] Login attempt received for username: "abhinandan"
[AUTH] Login successful: User "abhinandan" (Role: super_admin)
[AUTH] Login attempt received for username: "abhinandan"
[AUTH] Login successful: User "abhinandan" (Role: super_admin)
[AUTH] Login attempt received for username: "95005080"
[AUTH] Login failed: Incorrect password for user "95005080"
[AUTH] Login attempt received for username: "95005080"
[AUTH] Login successful: User "95005080" (Role: engineer)
[AUTH] Login attempt received for username: "95004582"
[AUTH] Login successful: User "95004582" (Role: technician)
[AUTH] Login attempt received for username: "95003869"
[AUTH] Login successful: User "95003869" (Role: engineer)
[AUTH] Login attempt received for username: "95003869"
[AUTH] Login successful: User "95003869" (Role: engineer)
[AUTH] Login attempt received for username: "95004561"
[AUTH] Login successful: User "95004561" (Role: technician)
[AUTH] Login attempt received for username: "95003456"
[AUTH] Login successful: User "95003456" (Role: technician)
[AUTH] Login attempt received for username: "95003869"
[AUTH] Login successful: User "95003869" (Role: engineer)
[AUTH] Login attempt received for username: "95003869"
[AUTH] Login successful: User "95003869" (Role: engineer)
[AUTH] Login attempt received for username: "95004582"
[AUTH] Login successful: User "95004582" (Role: technician)
[AUTH] Login attempt received for username: "95005080"
[AUTH] Login successful: User "95005080" (Role: engineer)
[AUTH] Login attempt received for username: "95005080"
[AUTH] Login successful: User "95005080" (Role: engineer)
[AUTH] Login attempt received for username: "95004143"
[AUTH] Login successful: User "95004143" (Role: technician)
[AUTH] Login attempt received for username: "95005080"
[AUTH] Login failed: Incorrect password for user "95005080"
[AUTH] Login attempt received for username: "95005080"
[AUTH] Login successful: User "95005080" (Role: engineer)
[AUTH] Login attempt received for username: "95004143"
[AUTH] Login successful: User "95004143" (Role: technician)
[AUTH] Login attempt received for username: "95004182"
[AUTH] Login successful: User "95004182" (Role: engineer)
[AUTH] Login attempt received for username: "95003873"
[AUTH] Login successful: User "95003873" (Role: technician)
[AUTH] Login attempt received for username: "95004586"
[AUTH] Login failed: Username "95004586" not found
[AUTH] Login attempt received for username: "95001033"
[AUTH] Login successful: User "95001033" (Role: admin)
[AUTH] Login attempt received for username: "95004582"
[AUTH] Login successful: User "95004582" (Role: technician)
[AUTH] Login attempt received for username: "95004561"
[AUTH] Login successful: User "95004561" (Role: technician)
[AUTH] Login attempt received for username: "95003456"
[AUTH] Login successful: User "95003456" (Role: technician)
[AUTH] Login attempt received for username: "95004181"
[AUTH] Login successful: User "95004181" (Role: technician)
[AUTH] Login attempt received for username: "95003939"
[AUTH] Login successful: User "95003939" (Role: technician)
[AUTH] Login attempt received for username: "95003869"
[AUTH] Login successful: User "95003869" (Role: engineer)
[AUTH] Login attempt received for username: "95002872"
[AUTH] Login successful: User "95002872" (Role: engineer)
[AUTH] Login attempt received for username: "95004181"
[AUTH] Login successful: User "95004181" (Role: technician)
[AUTH] Login attempt received for username: "91056164"
[AUTH] Login failed: Username "91056164" not found
[AUTH] Login attempt received for username: "95003162"
[AUTH] Login successful: User "95003162" (Role: inspector)
[AUTH] Login attempt received for username: "95003162"
[AUTH] Login failed: Incorrect password for user "95003162"
[AUTH] Login attempt received for username: "95003162"
[AUTH] Login failed: Incorrect password for user "95003162"
[AUTH] Login attempt received for username: "abhinandan"
[AUTH] Login successful: User "abhinandan" (Role: super_admin)
[AUTH] Login attempt received for username: "95003939"
[AUTH] Login successful: User "95003939" (Role: technician)
[AUTH] Login attempt received for username: "95003162"
[AUTH] Login successful: User "95003162" (Role: inspector)
[AUTH] Login attempt received for username: "95004154"
[AUTH] Login successful: User "95004154" (Role: technician)
[AUTH] Login attempt received for username: "95005077"
[AUTH] Login successful: User "95005077" (Role: technician)
[AUTH] Login attempt received for username: "95002872"
[AUTH] Login successful: User "95002872" (Role: engineer)
[AUTH] Login attempt received for username: "95004154"
[AUTH] Login successful: User "95004154" (Role: technician)
[AUTH] Login attempt received for username: "95002872"
[AUTH] Login successful: User "95002872" (Role: engineer)
[AUTH] Login attempt received for username: "abhinandan"
[AUTH] Login successful: User "abhinandan" (Role: super_admin)
🔄 Running Prisma migrations...
Prisma schema loaded from prisma\schema.prisma
Datasource "db": PostgreSQL database "aoi_checklist", schema "public" at "localhost:5432"

12 migrations found in prisma/migrations


No pending migrations to apply.
✅ Prisma migrations applied successfully
👤 Default admin user checked/created successfully
🏭 Line status table seeded successfully
🚀 Server running on http://localhost:5001
[AUTH] Login attempt received for username: "95003162"
[AUTH] Login successful: User "95003162" (Role: inspector)
[AUTH] Login attempt received for username: "95003162"
[AUTH] Login successful: User "95003162" (Role: inspector)
[AUTH] Login attempt received for username: "95002872"
[AUTH] Login successful: User "95002872" (Role: engineer)
[AUTH] Login attempt received for username: "95002872"
[AUTH] Login successful: User "95002872" (Role: engineer)
[AUTH] Login attempt received for username: "95005077"
[AUTH] Login successful: User "95005077" (Role: technician)
[AUTH] Login attempt received for username: "95004582"
[AUTH] Login successful: User "95004582" (Role: technician)
[AUTH] Login attempt received for username: "95003869"
[AUTH] Login successful: User "95003869" (Role: engineer)
[AUTH] Login attempt received for username: "95003869"
[AUTH] Login successful: User "95003869" (Role: engineer)
[AUTH] Login attempt received for username: "95003456"
[AUTH] Login successful: User "95003456" (Role: technician)
[AUTH] Login attempt received for username: "95004561"
[AUTH] Login successful: User "95004561" (Role: technician)
[AUTH] Login attempt received for username: "95003869"
[AUTH] Login successful: User "95003869" (Role: engineer)
[AUTH] Login attempt received for username: "95004181"
[AUTH] Login successful: User "95004181" (Role: technician)
[AUTH] Login attempt received for username: "95003939"
[AUTH] Login successful: User "95003939" (Role: technician)
[AUTH] Login attempt received for username: "95004154"
[AUTH] Login successful: User "95004154" (Role: technician)
[AUTH] Login attempt received for username: "95004561"
[AUTH] Login successful: User "95004561" (Role: technician)
[AUTH] Login attempt received for username: "95005077"
[AUTH] Login successful: User "95005077" (Role: technician)
[AUTH] Login attempt received for username: "95003162"
[AUTH] Login successful: User "95003162" (Role: inspector)
[AUTH] Login attempt received for username: "95004181"
[AUTH] Login successful: User "95004181" (Role: technician)
[AUTH] Login attempt received for username: "abhinandan"
[AUTH] Login successful: User "abhinandan" (Role: super_admin)
[AUTH] Login attempt received for username: "95003162"
[AUTH] Login successful: User "95003162" (Role: inspector)
[AUTH] Login attempt received for username: "95003162"
[AUTH] Login successful: User "95003162" (Role: inspector)
[AUTH] Login attempt received for username: "95003162"
[AUTH] Login successful: User "95003162" (Role: inspector)
[AUTH] Login attempt received for username: "95004586"
[AUTH] Login failed: Username "95004586" not found
[AUTH] Login attempt received for username: "95003869"
[AUTH] Login successful: User "95003869" (Role: engineer)
[AUTH] Login attempt received for username: "95004561"
[AUTH] Login successful: User "95004561" (Role: technician)
[AUTH] Login attempt received for username: "95003456"
[AUTH] Login successful: User "95003456" (Role: technician)
[AUTH] Login attempt received for username: "95003869"
[AUTH] Login successful: User "95003869" (Role: engineer)
[AUTH] Login attempt received for username: "95004181"
[AUTH] Login successful: User "95004181" (Role: technician)
[AUTH] Login attempt received for username: "95002872"
[AUTH] Login successful: User "95002872" (Role: engineer)
[AUTH] Login attempt received for username: "95003939"
[AUTH] Login failed: Incorrect password for user "95003939"
[AUTH] Login attempt received for username: "95003939"
[AUTH] Login successful: User "95003939" (Role: technician)
[AUTH] Login attempt received for username: "95005077"
[AUTH] Login successful: User "95005077" (Role: technician)
[AUTH] Login attempt received for username: "95005077"
[AUTH] Login successful: User "95005077" (Role: technician)
[AUTH] Login attempt received for username: "95003162"
[AUTH] Login successful: User "95003162" (Role: inspector)
[AUTH] Login attempt received for username: "abhinandan"
[AUTH] Login successful: User "abhinandan" (Role: super_admin)
[AUTH] Login attempt received for username: "PA400015"
[AUTH] Login successful: User "PA400015" (Role: inspector)
[AUTH] Login attempt received for username: "abhinandan"
[AUTH] Login successful: User "abhinandan" (Role: super_admin)
[AUTH] Login attempt received for username: "95003162"
[AUTH] Login successful: User "95003162" (Role: inspector)
[AUTH] Login attempt received for username: "95002872"
[AUTH] Login successful: User "95002872" (Role: engineer)
[AUTH] Login attempt received for username: "95003939"
[AUTH] Login successful: User "95003939" (Role: technician)
[AUTH] Login attempt received for username: "95002872"
[AUTH] Login successful: User "95002872" (Role: engineer)
[AUTH] Login attempt received for username: "95004143"
[AUTH] Login successful: User "95004143" (Role: technician)
[AUTH] Login attempt received for username: "95005080"
[AUTH] Login successful: User "95005080" (Role: engineer)
[AUTH] Login attempt received for username: "95003873"
[AUTH] Login successful: User "95003873" (Role: technician)
[AUTH] Login attempt received for username: "95004182"
[AUTH] Login successful: User "95004182" (Role: engineer)
[AUTH] Login attempt received for username: "95004181"
[AUTH] Login successful: User "95004181" (Role: technician)
[AUTH] Login attempt received for username: "95003939"
[AUTH] Login failed: Incorrect password for user "95003939"
[AUTH] Login attempt received for username: "95003939"
[AUTH] Login successful: User "95003939" (Role: technician)
[AUTH] Login attempt received for username: "abhinandan"
[AUTH] Login successful: User "abhinandan" (Role: super_admin)
[AUTH] Login attempt received for username: "95004088"
[AUTH] Login successful: User "95004088" (Role: inspector)
[AUTH] Login attempt received for username: "95002872"
[AUTH] Login successful: User "95002872" (Role: engineer)
[AUTH] Login attempt received for username: "95003939"
[AUTH] Login successful: User "95003939" (Role: technician)
[AUTH] Login attempt received for username: "95002872"
[AUTH] Login successful: User "95002872" (Role: engineer)
[AUTH] Login attempt received for username: "95003873"
[AUTH] Login successful: User "95003873" (Role: technician)
[AUTH] Login attempt received for username: "95005080"
[AUTH] Login failed: Incorrect password for user "95005080"
[AUTH] Login attempt received for username: "95005080"
[AUTH] Login successful: User "95005080" (Role: engineer)
[AUTH] Login attempt received for username: "95004182"
[AUTH] Login successful: User "95004182" (Role: engineer)
[AUTH] Login attempt received for username: "95004143"
[AUTH] Login successful: User "95004143" (Role: technician)
[AUTH] Login attempt received for username: "95005080"
[AUTH] Login successful: User "95005080" (Role: engineer)
[AUTH] Login attempt received for username: "abhinandan"
[AUTH] Login successful: User "abhinandan" (Role: super_admin)
[AUTH] Login attempt received for username: "95004582"
[AUTH] Login successful: User "95004582" (Role: technician)
[AUTH] Login attempt received for username: "95004561"
[AUTH] Login successful: User "95004561" (Role: technician)
[AUTH] Login attempt received for username: "95003456"
[AUTH] Login successful: User "95003456" (Role: technician)
[AUTH] Login attempt received for username: "95003869"
[AUTH] Login successful: User "95003869" (Role: engineer)
[AUTH] Login attempt received for username: "abhinandan"
[AUTH] Login failed: Incorrect password for user "abhinandan"
[AUTH] Login attempt received for username: "abhinandan"
[AUTH] Login successful: User "abhinandan" (Role: super_admin)
[AUTH] Login attempt received for username: "95003869"
[AUTH] Login successful: User "95003869" (Role: engineer)
[AUTH] Login attempt received for username: "95001033"
[AUTH] Login successful: User "95001033" (Role: admin)
[AUTH] Login attempt received for username: "95005080"
[AUTH] Login successful: User "95005080" (Role: engineer)
[AUTH] Login attempt received for username: "95003873"
[AUTH] Login successful: User "95003873" (Role: technician)
[AUTH] Login attempt received for username: "95003869"
[AUTH] Login successful: User "95003869" (Role: engineer)
[AUTH] Login attempt received for username: "95004582"
[AUTH] Login successful: User "95004582" (Role: technician)
[AUTH] Login attempt received for username: "95004561"
[AUTH] Login successful: User "95004561" (Role: technician)
[AUTH] Login attempt received for username: "95003456"
[AUTH] Login successful: User "95003456" (Role: technician)
[AUTH] Login attempt received for username: "abhinandan"
[AUTH] Login successful: User "abhinandan" (Role: super_admin)
[AUTH] Login attempt received for username: "95002872"
[AUTH] Login successful: User "95002872" (Role: engineer)
[AUTH] Login attempt received for username: "abhinandan"
[AUTH] Login successful: User "abhinandan" (Role: super_admin)
🔄 Running Prisma migrations...
Prisma schema loaded from prisma\schema.prisma
Datasource "db": PostgreSQL database "aoi_checklist", schema "public" at "localhost:5432"

12 migrations found in prisma/migrations


No pending migrations to apply.
✅ Prisma migrations applied successfully
👤 Default admin user checked/created successfully
🏭 Line status table seeded successfully
🚀 Server running on http://localhost:5001
🔄 Running Prisma migrations...
Prisma schema loaded from prisma\schema.prisma
Datasource "db": PostgreSQL database "aoi_checklist", schema "public" at "localhost:5432"

12 migrations found in prisma/migrations


No pending migrations to apply.
✅ Prisma migrations applied successfully
👤 Default admin user checked/created successfully
🏭 Line status table seeded successfully
🚀 Server running on http://localhost:5001
[AUTH] Login attempt received for username: "95003869"
[AUTH] Login successful: User "95003869" (Role: engineer)
[AUTH] Login attempt received for username: "95001033"
[AUTH] Login successful: User "95001033" (Role: admin)
[AUTH] Login attempt received for username: "95001033"
[AUTH] Login successful: User "95001033" (Role: admin)
[AUTH] Login attempt received for username: "95003869"
[AUTH] Login successful: User "95003869" (Role: engineer)
[AUTH] Login attempt received for username: "95005080"
[AUTH] Login failed: Incorrect password for user "95005080"
[AUTH] Login attempt received for username: "95005080"
[AUTH] Login successful: User "95005080" (Role: engineer)
[AUTH] Login attempt received for username: "95004182"
[AUTH] Login successful: User "95004182" (Role: engineer)
[AUTH] Login attempt received for username: "95003869"
[AUTH] Login successful: User "95003869" (Role: engineer)
[AUTH] Login attempt received for username: "95004561"
[AUTH] Login successful: User "95004561" (Role: technician)
[AUTH] Login attempt received for username: "95004582"
[AUTH] Login successful: User "95004582" (Role: technician)
[AUTH] Login attempt received for username: "95003456"
[AUTH] Login successful: User "95003456" (Role: technician)
[AUTH] Login attempt received for username: "95004561"
[AUTH] Login successful: User "95004561" (Role: technician)
[AUTH] Login attempt received for username: "95004181"
[AUTH] Login successful: User "95004181" (Role: technician)
[AUTH] Login attempt received for username: "95003939"
[AUTH] Login successful: User "95003939" (Role: technician)
[AUTH] Login attempt received for username: "95002872"
[AUTH] Login successful: User "95002872" (Role: engineer)
[AUTH] Login attempt received for username: "95002872"
[AUTH] Login successful: User "95002872" (Role: engineer)
[AUTH] Login attempt received for username: "abhinandan"
[AUTH] Login successful: User "abhinandan" (Role: super_admin)
[AUTH] Login attempt received for username: "95003869"
[AUTH] Login successful: User "95003869" (Role: engineer)
[AUTH] Login attempt received for username: "abhinandan"
[AUTH] Login successful: User "abhinandan" (Role: super_admin)
[AUTH] Login attempt received for username: "95003456"
[AUTH] Login successful: User "95003456" (Role: technician)
[AUTH] Login attempt received for username: "abhinandan"
[AUTH] Login successful: User "abhinandan" (Role: super_admin)
[AUTH] Login attempt received for username: "95004582"
[AUTH] Login successful: User "95004582" (Role: technician)
[AUTH] Login attempt received for username: "95003456"
[AUTH] Login failed: Incorrect password for user "95003456"
[AUTH] Login attempt received for username: "95003456"
[AUTH] Login successful: User "95003456" (Role: technician)
[AUTH] Login attempt received for username: "95003869"
[AUTH] Login failed: Incorrect password for user "95003869"
[AUTH] Login attempt received for username: "95003869"
[AUTH] Login successful: User "95003869" (Role: engineer)
[AUTH] Login attempt received for username: "95003456"
[AUTH] Login successful: User "95003456" (Role: technician)
[AUTH] Login attempt received for username: "95003869"
[AUTH] Login successful: User "95003869" (Role: engineer)
[AUTH] Login attempt received for username: "95003456"
[AUTH] Login successful: User "95003456" (Role: technician)
[AUTH] Login attempt received for username: "95003869"
[AUTH] Login successful: User "95003869" (Role: engineer)
[AUTH] Login attempt received for username: "95004181"
[AUTH] Login successful: User "95004181" (Role: technician)
[AUTH] Login attempt received for username: "95003939"
[AUTH] Login successful: User "95003939" (Role: technician)
[AUTH] Login attempt received for username: "95004154"
[AUTH] Login failed: Incorrect password for user "95004154"
[AUTH] Login attempt received for username: "95004154"
[AUTH] Login successful: User "95004154" (Role: technician)
[AUTH] Login attempt received for username: "95005077"
[AUTH] Login successful: User "95005077" (Role: technician)
[AUTH] Login attempt received for username: "95002872"
[AUTH] Login failed: Incorrect password for user "95002872"
[AUTH] Login attempt received for username: "95002872"
[AUTH] Login successful: User "95002872" (Role: engineer)
[AUTH] Login attempt received for username: "abhinandan"
[AUTH] Login successful: User "abhinandan" (Role: super_admin)
[AUTH] Login attempt received for username: "95005080"
[AUTH] Login failed: Incorrect password for user "95005080"
[AUTH] Login attempt received for username: "95005080"
[AUTH] Login successful: User "95005080" (Role: engineer)
[AUTH] Login attempt received for username: "95003873"
[AUTH] Login successful: User "95003873" (Role: technician)
[AUTH] Login attempt received for username: "95003162"
[AUTH] Login successful: User "95003162" (Role: inspector)
[AUTH] Login attempt received for username: "95004143"
[AUTH] Login successful: User "95004143" (Role: technician)
[AUTH] Login attempt received for username: "abhinandan"
[AUTH] Login successful: User "abhinandan" (Role: super_admin)
[AUTH] Login attempt received for username: "95004181"
[AUTH] Login successful: User "95004181" (Role: technician)
[AUTH] Login attempt received for username: "95004154"
[AUTH] Login successful: User "95004154" (Role: technician)
[AUTH] Login attempt received for username: "95003939"
[AUTH] Login successful: User "95003939" (Role: technician)
[AUTH] Login attempt received for username: "95004154"
[AUTH] Login successful: User "95004154" (Role: technician)
[AUTH] Login attempt received for username: "95005077"
[AUTH] Login failed: Incorrect password for user "95005077"
[AUTH] Login attempt received for username: "95005077"
[AUTH] Login successful: User "95005077" (Role: technician)
[AUTH] Login attempt received for username: "abhinandan"
[AUTH] Login successful: User "abhinandan" (Role: super_admin)
[AUTH] Login attempt received for username: "95004143"
[AUTH] Login successful: User "95004143" (Role: technician)
[AUTH] Login attempt received for username: "95003873"
[AUTH] Login successful: User "95003873" (Role: technician)
[AUTH] Login attempt received for username: "95004586"
[AUTH] Login failed: Username "95004586" not found
[AUTH] Login attempt received for username: "95004586"
[AUTH] Login failed: Username "95004586" not found
[AUTH] Login attempt received for username: "95004586"
[AUTH] Login failed: Username "95004586" not found
[AUTH] Login attempt received for username: "95004143"
[AUTH] Login successful: User "95004143" (Role: technician)
[AUTH] Login attempt received for username: "abhinandan"
[AUTH] Login successful: User "abhinandan" (Role: super_admin)
[AUTH] Login attempt received for username: "95005080"
[AUTH] Login failed: Incorrect password for user "95005080"
[AUTH] Login attempt received for username: "95005080"
[AUTH] Login successful: User "95005080" (Role: engineer)
[AUTH] Login attempt received for username: "95004582"
[AUTH] Login successful: User "95004582" (Role: technician)
[AUTH] Login attempt received for username: "95004154"
[AUTH] Login successful: User "95004154" (Role: technician)
[AUTH] Login attempt received for username: "95004181"
[AUTH] Login successful: User "95004181" (Role: technician)
[AUTH] Login attempt received for username: "95005077"
[AUTH] Login successful: User "95005077" (Role: technician)
[AUTH] Login attempt received for username: "95004582"
[AUTH] Login successful: User "95004582" (Role: technician)
[AUTH] Login attempt received for username: "95004182"
[AUTH] Login successful: User "95004182" (Role: engineer)
[AUTH] Login attempt received for username: "95003873"
[AUTH] Login successful: User "95003873" (Role: technician)
[AUTH] Login attempt received for username: "95003873"
[AUTH] Login successful: User "95003873" (Role: technician)
[AUTH] Login attempt received for username: "95002872"
[AUTH] Login successful: User "95002872" (Role: engineer)
[AUTH] Login attempt received for username: "95004582"
[AUTH] Login successful: User "95004582" (Role: technician)
[AUTH] Login attempt received for username: "95003869"
[AUTH] Login successful: User "95003869" (Role: engineer)
[AUTH] Login attempt received for username: "95004561"
[AUTH] Login successful: User "95004561" (Role: technician)
[AUTH] Login attempt received for username: "95003869"
[AUTH] Login successful: User "95003869" (Role: engineer)
[AUTH] Login attempt received for username: "95003456"
[AUTH] Login failed: Incorrect password for user "95003456"
[AUTH] Login attempt received for username: "95003456"
[AUTH] Login successful: User "95003456" (Role: technician)
[AUTH] Login attempt received for username: "95005080"
[AUTH] Login successful: User "95005080" (Role: engineer)
[AUTH] Login attempt received for username: "95003873"
[AUTH] Login successful: User "95003873" (Role: technician)
[AUTH] Login attempt received for username: "95004181"
[AUTH] Login successful: User "95004181" (Role: technician)
[AUTH] Login attempt received for username: "95004182"
[AUTH] Login successful: User "95004182" (Role: engineer)
[AUTH] Login attempt received for username: "95001033"
[AUTH] Login failed: Incorrect password for user "95001033"
[AUTH] Login attempt received for username: "95001033"
[AUTH] Login failed: Incorrect password for user "95001033"
[AUTH] Login attempt received for username: "95001033"
[AUTH] Login successful: User "95001033" (Role: admin)
[AUTH] Login attempt received for username: "95004143"
[AUTH] Login successful: User "95004143" (Role: technician)
[AUTH] Login attempt received for username: "95001033"
[AUTH] Login successful: User "95001033" (Role: admin)
[AUTH] Login attempt received for username: "95005080"
[AUTH] Login successful: User "95005080" (Role: engineer)
[AUTH] Login attempt received for username: "95001033"
[AUTH] Login successful: User "95001033" (Role: admin)
[AUTH] Login attempt received for username: "abhinandan"
[AUTH] Login successful: User "abhinandan" (Role: super_admin)
[AUTH] Login attempt received for username: "95003873"
[AUTH] Login successful: User "95003873" (Role: technician)
[AUTH] Login attempt received for username: "95004182"
[AUTH] Login successful: User "95004182" (Role: engineer)
[AUTH] Login attempt received for username: "95004182"
[AUTH] Login successful: User "95004182" (Role: engineer)
[AUTH] Login attempt received for username: "95004182"
[AUTH] Login successful: User "95004182" (Role: engineer)
[AUTH] Login attempt received for username: "abhinandan"
[AUTH] Login successful: User "abhinandan" (Role: super_admin)
[AUTH] Login attempt received for username: "95005413"
[AUTH] Login successful: User "95005413" (Role: engineer)
[AUTH] Login attempt received for username: "95005080"
[AUTH] Login successful: User "95005080" (Role: engineer)
[AUTH] Login attempt received for username: "95004586"
[AUTH] Login failed: Username "95004586" not found
[AUTH] Login attempt received for username: "abhinandan"
[AUTH] Login successful: User "abhinandan" (Role: super_admin)
[AUTH] Login attempt received for username: "abhinandan"
[AUTH] Login successful: User "abhinandan" (Role: super_admin)
[AUTH] Login attempt received for username: "95004586"
[AUTH] Login failed: Username "95004586" not found
[AUTH] Login attempt received for username: "abhinandan"
[AUTH] Login successful: User "abhinandan" (Role: super_admin)
🔄 Running Prisma migrations...
Prisma schema loaded from prisma\schema.prisma
Datasource "db": PostgreSQL database "aoi_checklist", schema "public" at "localhost:5432"

13 migrations found in prisma/migrations


No pending migrations to apply.
✅ Prisma migrations applied successfully
👤 Default admin user checked/created successfully
🏭 Line status table seeded successfully
🚀 Server running on http://localhost:5001
[AUTH] Login attempt received for username: "95005080"
[AUTH] Login successful: User "95005080" (Role: engineer)
[AUTH] Login attempt received for username: "abhinandan"
[AUTH] Login successful: User "abhinandan" (Role: super_admin)
🔄 Running Prisma migrations...
Prisma schema loaded from prisma\schema.prisma
Datasource "db": PostgreSQL database "aoi_checklist", schema "public" at "localhost:5432"

13 migrations found in prisma/migrations


No pending migrations to apply.
✅ Prisma migrations applied successfully
👤 Default admin user checked/created successfully
🏭 Line status table seeded successfully
🚀 Server running on http://localhost:5001
[AUTH] Login attempt received for username: "abhinandan"
[AUTH] Login successful: User "abhinandan" (Role: super_admin)
🔄 Running Prisma migrations...
Prisma schema loaded from prisma\schema.prisma
Datasource "db": PostgreSQL database "aoi_checklist", schema "public" at "localhost:5432"

13 migrations found in prisma/migrations

Applying migration `20260807114359_dynamic_forms`

The following migration(s) have been applied:

migrations/
  └─ 20260807114359_dynamic_forms/
    └─ migration.sql
      
All migrations have been successfully applied.
✅ Prisma migrations applied successfully
👤 Default admin user checked/created successfully
🏭 Line status table seeded successfully
🚀 Server running on http://localhost:5001
[AUTH] Login attempt received for username: "abhinandan"
[AUTH] Login successful: User "abhinandan" (Role: super_admin)
[AUTH] Login attempt received for username: "abhinandan"
[AUTH] Login successful: User "abhinandan" (Role: super_admin)
[AUTH] Login attempt received for username: "95004182"
[AUTH] Login successful: User "95004182" (Role: engineer)
[AUTH] Login attempt received for username: "95001033"
[AUTH] Login successful: User "95001033" (Role: admin)
[AUTH] Login attempt received for username: "95003869"
[AUTH] Login successful: User "95003869" (Role: engineer)
[AUTH] Login attempt received for username: "95004561"
[AUTH] Login successful: User "95004561" (Role: technician)
[AUTH] Login attempt received for username: "95002872"
[AUTH] Login successful: User "95002872" (Role: engineer)
[AUTH] Login attempt received for username: "95003869"
[AUTH] Login successful: User "95003869" (Role: engineer)
[AUTH] Login attempt received for username: "95004582"
[AUTH] Login successful: User "95004582" (Role: technician)
[AUTH] Login attempt received for username: "95003869"
[AUTH] Login successful: User "95003869" (Role: engineer)
[AUTH] Login attempt received for username: "95004582"
[AUTH] Login successful: User "95004582" (Role: technician)
[AUTH] Login attempt received for username: "95004561"
[AUTH] Login successful: User "95004561" (Role: technician)
[AUTH] Login attempt received for username: "95005080"
[AUTH] Login failed: Incorrect password for user "95005080"
[AUTH] Login attempt received for username: "95005080"
[AUTH] Login successful: User "95005080" (Role: engineer)
[AUTH] Login attempt received for username: "95003939"
[AUTH] Login successful: User "95003939" (Role: technician)
[AUTH] Login attempt received for username: "95004154"
[AUTH] Login successful: User "95004154" (Role: technician)
[AUTH] Login attempt received for username: "95005080"
[AUTH] Login successful: User "95005080" (Role: engineer)
[AUTH] Login attempt received for username: "abhinandan"
[AUTH] Login successful: User "abhinandan" (Role: super_admin)
[AUTH] Login attempt received for username: "abhinandan"
[AUTH] Login successful: User "abhinandan" (Role: super_admin)
[AUTH] Login attempt received for username: "95003939"
[AUTH] Login successful: User "95003939" (Role: engineer)
[AUTH] Login attempt received for username: "95003869"
[AUTH] Login successful: User "95003869" (Role: engineer)
[AUTH] Login attempt received for username: "95004561"
[AUTH] Login successful: User "95004561" (Role: technician)
[AUTH] Login attempt received for username: "95003456"
[AUTH] Login successful: User "95003456" (Role: technician)
[AUTH] Login attempt received for username: "95003869"
[AUTH] Login successful: User "95003869" (Role: engineer)
[AUTH] Login attempt received for username: "95004582"
[AUTH] Login successful: User "95004582" (Role: technician)
[AUTH] Login attempt received for username: "95003869"
[AUTH] Login successful: User "95003869" (Role: engineer)
[AUTH] Login attempt received for username: "95004582"
[AUTH] Login successful: User "95004582" (Role: technician)
[AUTH] Login attempt received for username: "95002872"
[AUTH] Login failed: Incorrect password for user "95002872"
[AUTH] Login attempt received for username: "95002872"
[AUTH] Login successful: User "95002872" (Role: engineer)
[AUTH] Login attempt received for username: "95002872"
[AUTH] Login failed: Incorrect password for user "95002872"
[AUTH] Login attempt received for username: "95002872"
[AUTH] Login failed: Incorrect password for user "95002872"
[AUTH] Login attempt received for username: "95002872"
[AUTH] Login successful: User "95002872" (Role: engineer)
[AUTH] Login attempt received for username: "95003869"
[AUTH] Login successful: User "95003869" (Role: engineer)
[AUTH] Login attempt received for username: "95003939"
[AUTH] Login successful: User "95003939" (Role: engineer)
[AUTH] Login attempt received for username: "95004154"
[AUTH] Login successful: User "95004154" (Role: technician)
[AUTH] Login attempt received for username: "4905227"
[AUTH] Login failed: Username "4905227" not found
[AUTH] Login attempt received for username: "95005227"
[AUTH] Login failed: Username "95005227" not found
[AUTH] Login attempt received for username: "95005227"
[AUTH] Login failed: Username "95005227" not found
[AUTH] Login attempt received for username: "95003873"
[AUTH] Login successful: User "95003873" (Role: technician)
[AUTH] Login attempt received for username: "95003939"
[AUTH] Login successful: User "95003939" (Role: engineer)
[AUTH] Login attempt received for username: "95003873"
[AUTH] Login successful: User "95003873" (Role: technician)
[AUTH] Login attempt received for username: "95005077"
[AUTH] Login successful: User "95005077" (Role: technician)
[AUTH] Login attempt received for username: "95003939"
[AUTH] Login successful: User "95003939" (Role: engineer)
[AUTH] Login attempt received for username: "95003939"
[AUTH] Login successful: User "95003939" (Role: engineer)
[AUTH] Login attempt received for username: "95004561"
[AUTH] Login successful: User "95004561" (Role: technician)
[AUTH] Login attempt received for username: "95003869"
[AUTH] Login successful: User "95003869" (Role: engineer)
[AUTH] Login attempt received for username: "95004582"
[AUTH] Login successful: User "95004582" (Role: technician)
[AUTH] Login attempt received for username: "95004561"
[AUTH] Login successful: User "95004561" (Role: technician)
[AUTH] Login attempt received for username: "95003456"
[AUTH] Login successful: User "95003456" (Role: technician)
[AUTH] Login attempt received for username: "95003869"
[AUTH] Login successful: User "95003869" (Role: engineer)
[AUTH] Login attempt received for username: "95003869"
[AUTH] Login successful: User "95003869" (Role: engineer)
[AUTH] Login attempt received for username: "95004181"
[AUTH] Login successful: User "95004181" (Role: technician)
[AUTH] Login attempt received for username: "95003939"
[AUTH] Login successful: User "95003939" (Role: engineer)
[AUTH] Login attempt received for username: "95004154"
[AUTH] Login successful: User "95004154" (Role: technician)
[AUTH] Login attempt received for username: "abhinandan"
[AUTH] Login successful: User "abhinandan" (Role: super_admin)
[AUTH] Login attempt received for username: "95003939"
[AUTH] Login successful: User "95003939" (Role: engineer)
[AUTH] Login attempt received for username: "95003939"
[AUTH] Login successful: User "95003939" (Role: engineer)
[AUTH] Login attempt received for username: "95004154"
[AUTH] Login successful: User "95004154" (Role: technician)
[AUTH] Login attempt received for username: "95005077"
[AUTH] Login successful: User "95005077" (Role: technician)
[AUTH] Login attempt received for username: "95004154"
[AUTH] Login successful: User "95004154" (Role: technician)
[AUTH] Login attempt received for username: "95003939"
[AUTH] Login successful: User "95003939" (Role: engineer)
[AUTH] Login attempt received for username: "abhinandan"
[AUTH] Login successful: User "abhinandan" (Role: super_admin)
[AUTH] Login attempt received for username: "95004561"
[AUTH] Login successful: User "95004561" (Role: technician)
[AUTH] Login attempt received for username: "95003939"
[AUTH] Login successful: User "95003939" (Role: engineer)
[AUTH] Login attempt received for username: "95004182"
[AUTH] Login successful: User "95004182" (Role: engineer)
[AUTH] Login attempt received for username: "95003873"
[AUTH] Login successful: User "95003873" (Role: technician)
[AUTH] Login attempt received for username: "95005080"
[AUTH] Login successful: User "95005080" (Role: engineer)
[AUTH] Login attempt received for username: "95004143"
[AUTH] Login successful: User "95004143" (Role: technician)
[AUTH] Login attempt received for username: "95003743"
[AUTH] Login failed: Username "95003743" not found
[AUTH] Login attempt received for username: "95003873"
[AUTH] Login successful: User "95003873" (Role: technician)
[AUTH] Login attempt received for username: "95005080"
[AUTH] Login successful: User "95005080" (Role: engineer)
[AUTH] Login attempt received for username: "95004182"
[AUTH] Login successful: User "95004182" (Role: engineer)
[AUTH] Login attempt received for username: "95004582"
[AUTH] Login successful: User "95004582" (Role: technician)
[AUTH] Login attempt received for username: "95004143"
[AUTH] Login successful: User "95004143" (Role: technician)
[AUTH] Login attempt received for username: "95005080"
[AUTH] Login successful: User "95005080" (Role: engineer)
[AUTH] Login attempt received for username: "abhinandan"
[AUTH] Login successful: User "abhinandan" (Role: super_admin)
[AUTH] Login attempt received for username: "95004181"
[AUTH] Login successful: User "95004181" (Role: technician)
[AUTH] Login attempt received for username: "95004154"
[AUTH] Login successful: User "95004154" (Role: technician)
[AUTH] Login attempt received for username: "95003939"
[AUTH] Login successful: User "95003939" (Role: engineer)
[AUTH] Login attempt received for username: "95005077"
[AUTH] Login successful: User "95005077" (Role: technician)
[AUTH] Login attempt received for username: "95004154"
[AUTH] Login successful: User "95004154" (Role: technician)
[AUTH] Login attempt received for username: "95003939"
[AUTH] Login successful: User "95003939" (Role: engineer)
[AUTH] Login attempt received for username: "95003939"
[AUTH] Login successful: User "95003939" (Role: engineer)
[AUTH] Login attempt received for username: "95004154"
[AUTH] Login successful: User "95004154" (Role: technician)
[AUTH] Login attempt received for username: "95003939"
[AUTH] Login successful: User "95003939" (Role: engineer)
[AUTH] Login attempt received for username: "95003873"
[AUTH] Login successful: User "95003873" (Role: technician)
[AUTH] Login attempt received for username: "95004143"
[AUTH] Login successful: User "95004143" (Role: technician)
[AUTH] Login attempt received for username: "95005080"
[AUTH] Login failed: Incorrect password for user "95005080"
[AUTH] Login attempt received for username: "95005080"
[AUTH] Login successful: User "95005080" (Role: engineer)
[AUTH] Login attempt received for username: "95004182"
[AUTH] Login successful: User "95004182" (Role: engineer)
[AUTH] Login attempt received for username: "95005080"
[AUTH] Login successful: User "95005080" (Role: engineer)
[AUTH] Login attempt received for username: "95004182"
[AUTH] Login successful: User "95004182" (Role: engineer)
[AUTH] Login attempt received for username: "95004582"
[AUTH] Login successful: User "95004582" (Role: technician)
[AUTH] Login attempt received for username: "95003869"
[AUTH] Login successful: User "95003869" (Role: engineer)
[AUTH] Login attempt received for username: "95004561"
[AUTH] Login successful: User "95004561" (Role: technician)
[AUTH] Login attempt received for username: "95004561"
[AUTH] Login successful: User "95004561" (Role: technician)
[AUTH] Login attempt received for username: "95003456"
[AUTH] Login successful: User "95003456" (Role: technician)
[AUTH] Login attempt received for username: "95003869"
[AUTH] Login successful: User "95003869" (Role: engineer)
[AUTH] Login attempt received for username: "95001033"
[AUTH] Login successful: User "95001033" (Role: admin)
[AUTH] Login attempt received for username: "abhinandan"
[AUTH] Login successful: User "abhinandan" (Role: super_admin)
[AUTH] Login attempt received for username: "95003873"
[AUTH] Login successful: User "95003873" (Role: technician)
[AUTH] Login attempt received for username: "95004143"
[AUTH] Login successful: User "95004143" (Role: technician)
[AUTH] Login attempt received for username: "95004182"
[AUTH] Login successful: User "95004182" (Role: engineer)
[AUTH] Login attempt received for username: "95005080"
[AUTH] Login failed: Incorrect password for user "95005080"
[AUTH] Login attempt received for username: "95005080"
[AUTH] Login successful: User "95005080" (Role: engineer)
[AUTH] Login attempt received for username: "95004143"
[AUTH] Login successful: User "95004143" (Role: technician)
[AUTH] Login attempt received for username: "95003869"
[AUTH] Login successful: User "95003869" (Role: engineer)
[AUTH] Login attempt received for username: "95003456"
[AUTH] Login successful: User "95003456" (Role: technician)
[AUTH] Login attempt received for username: "95003869"
[AUTH] Login successful: User "95003869" (Role: engineer)
[AUTH] Login attempt received for username: "95004561"
[AUTH] Login successful: User "95004561" (Role: technician)
[AUTH] Login attempt received for username: "95004582"
[AUTH] Login successful: User "95004582" (Role: technician)
[AUTH] Login attempt received for username: "95003456"
[AUTH] Login successful: User "95003456" (Role: technician)
[AUTH] Login attempt received for username: "95003869"
[AUTH] Login successful: User "95003869" (Role: engineer)
[AUTH] Login attempt received for username: "95004561"
[AUTH] Login successful: User "95004561" (Role: technician)
[AUTH] Login attempt received for username: "95003869"
[AUTH] Login successful: User "95003869" (Role: engineer)
[AUTH] Login attempt received for username: "95004143"
[AUTH] Login successful: User "95004143" (Role: technician)
[AUTH] Login attempt received for username: "95004182"
[AUTH] Login successful: User "95004182" (Role: engineer)
[AUTH] Login attempt received for username: "95003873"
[AUTH] Login successful: User "95003873" (Role: technician)
[AUTH] Login attempt received for username: "95005080"
[AUTH] Login successful: User "95005080" (Role: engineer)
[AUTH] Login attempt received for username: "95004181"
[AUTH] Login successful: User "95004181" (Role: technician)
[AUTH] Login attempt received for username: "95004182"
[AUTH] Login successful: User "95004182" (Role: engineer)
[AUTH] Login attempt received for username: "95004561"
[AUTH] Login successful: User "95004561" (Role: technician)
[AUTH] Login attempt received for username: "95003869"
[AUTH] Login successful: User "95003869" (Role: engineer)
[AUTH] Login attempt received for username: "95003456"
[AUTH] Login successful: User "95003456" (Role: technician)
[AUTH] Login attempt received for username: "95003456"
[AUTH] Login successful: User "95003456" (Role: technician)
[AUTH] Login attempt received for username: "95004561"
[AUTH] Login successful: User "95004561" (Role: technician)
[AUTH] Login attempt received for username: "95004582"
[AUTH] Login successful: User "95004582" (Role: technician)
[AUTH] Login attempt received for username: "95003869"
[AUTH] Login successful: User "95003869" (Role: engineer)
[AUTH] Login attempt received for username: "abhinandan"
[AUTH] Login successful: User "abhinandan" (Role: super_admin)
[AUTH] Login attempt received for username: "95004561"
[AUTH] Login successful: User "95004561" (Role: technician)
[AUTH] Login attempt received for username: "abhinandan"
[AUTH] Login successful: User "abhinandan" (Role: super_admin)
[AUTH] Login attempt received for username: "95004154"
[AUTH] Login successful: User "95004154" (Role: technician)
[AUTH] Login attempt received for username: "95003939"
[AUTH] Login successful: User "95003939" (Role: engineer)
[AUTH] Login attempt received for username: "95005077"
[AUTH] Login successful: User "95005077" (Role: technician)
[AUTH] Login attempt received for username: "95003939"
[AUTH] Login successful: User "95003939" (Role: engineer)
[AUTH] Login attempt received for username: "95005077"
[AUTH] Login successful: User "95005077" (Role: technician)
[AUTH] Login attempt received for username: "95002872"
[AUTH] Login successful: User "95002872" (Role: engineer)
[AUTH] Login attempt received for username: "95004154"
[AUTH] Login successful: User "95004154" (Role: technician)
🔄 Running Prisma migrations...
Prisma schema loaded from prisma\schema.prisma
Datasource "db": PostgreSQL database "aoi_checklist", schema "public" at "localhost:5432"

13 migrations found in prisma/migrations


No pending migrations to apply.
✅ Prisma migrations applied successfully
👤 Default admin user checked/created successfully
🏭 Line status table seeded successfully
🚀 Server running on http://localhost:5001
[AUTH] Login attempt received for username: "95005077"
[AUTH] Login successful: User "95005077" (Role: technician)
[AUTH] Login attempt received for username: "95005080"
[AUTH] Login failed: Incorrect password for user "95005080"
[AUTH] Login attempt received for username: "95005080"
[AUTH] Login successful: User "95005080" (Role: engineer)
[AUTH] Login attempt received for username: "95004143"
[AUTH] Login successful: User "95004143" (Role: technician)
[AUTH] Login attempt received for username: "abhinandan"
[AUTH] Login successful: User "abhinandan" (Role: super_admin)
[AUTH] Login attempt received for username: "abhinandan"
[AUTH] Login successful: User "abhinandan" (Role: super_admin)
[AUTH] Login attempt received for username: "95004181"
[AUTH] Login successful: User "95004181" (Role: technician)
[AUTH] Login attempt received for username: "95003939"
[AUTH] Login failed: Incorrect password for user "95003939"
[AUTH] Login attempt received for username: "95003939"
[AUTH] Login successful: User "95003939" (Role: engineer)
[AUTH] Login attempt received for username: "95004154"
[AUTH] Login successful: User "95004154" (Role: technician)
[AUTH] Login attempt received for username: "95003939"
[AUTH] Login successful: User "95003939" (Role: engineer)
[AUTH] Login attempt received for username: "95004182"
[AUTH] Login successful: User "95004182" (Role: engineer)
[AUTH] Login attempt received for username: "95003873"
[AUTH] Login successful: User "95003873" (Role: technician)
[AUTH] Login attempt received for username: "95004143"
[AUTH] Login successful: User "95004143" (Role: technician)
[AUTH] Login attempt received for username: "95005080"
[AUTH] Login successful: User "95005080" (Role: engineer)
[AUTH] Login attempt received for username: "95001033"
[AUTH] Login successful: User "95001033" (Role: admin)
[AUTH] Login attempt received for username: "abhinandan"
[AUTH] Login successful: User "abhinandan" (Role: super_admin)
[AUTH] Login attempt received for username: "95003939"
[AUTH] Login successful: User "95003939" (Role: engineer)
[AUTH] Login attempt received for username: "95004181"
[AUTH] Login successful: User "95004181" (Role: technician)
[AUTH] Login attempt received for username: "95005077"
[AUTH] Login successful: User "95005077" (Role: technician)
[AUTH] Login attempt received for username: "95004143"
[AUTH] Login successful: User "95004143" (Role: technician)
[AUTH] Login attempt received for username: "95003873"
[AUTH] Login successful: User "95003873" (Role: technician)
[AUTH] Login attempt received for username: "950004182"
[AUTH] Login failed: Username "950004182" not found
[AUTH] Login attempt received for username: "95004182"
[AUTH] Login successful: User "95004182" (Role: engineer)
[AUTH] Login attempt received for username: "95005080"
[AUTH] Login successful: User "95005080" (Role: engineer)
[AUTH] Login attempt received for username: "95003869"
[AUTH] Login successful: User "95003869" (Role: engineer)
[AUTH] Login attempt received for username: "95004561"
[AUTH] Login successful: User "95004561" (Role: technician)
[AUTH] Login attempt received for username: "95003456"
[AUTH] Login successful: User "95003456" (Role: technician)
[AUTH] Login attempt received for username: "95004582"
[AUTH] Login successful: User "95004582" (Role: technician)
[AUTH] Login attempt received for username: "95003869"
[AUTH] Login successful: User "95003869" (Role: engineer)
[AUTH] Login attempt received for username: "95003869"
[AUTH] Login successful: User "95003869" (Role: engineer)
[AUTH] Login attempt received for username: "95004561"
[AUTH] Login successful: User "95004561" (Role: technician)
[AUTH] Login attempt received for username: "95003869"
[AUTH] Login successful: User "95003869" (Role: engineer)
[AUTH] Login attempt received for username: "95005080"
[AUTH] Login successful: User "95005080" (Role: engineer)
[AUTH] Login attempt received for username: "95004143"
[AUTH] Login failed: Incorrect password for user "95004143"
[AUTH] Login attempt received for username: "95004143"
[AUTH] Login failed: Incorrect password for user "95004143"
[AUTH] Login attempt received for username: "95004143"
[AUTH] Login successful: User "95004143" (Role: technician)
[AUTH] Login attempt received for username: "95003873"
[AUTH] Login successful: User "95003873" (Role: technician)
[AUTH] Login attempt received for username: "95004182"
[AUTH] Login successful: User "95004182" (Role: engineer)
[AUTH] Login attempt received for username: "abhinandan"
[AUTH] Login successful: User "abhinandan" (Role: super_admin)
[AUTH] Login attempt received for username: "95003869"
[AUTH] Login successful: User "95003869" (Role: engineer)
[AUTH] Login attempt received for username: "95003456"
[AUTH] Login successful: User "95003456" (Role: technician)
[AUTH] Login attempt received for username: "95004561"
[AUTH] Login successful: User "95004561" (Role: technician)
[AUTH] Login attempt received for username: "95004582"
[AUTH] Login successful: User "95004582" (Role: technician)
[AUTH] Login attempt received for username: "abhinandan"
[AUTH] Login successful: User "abhinandan" (Role: super_admin)
[AUTH] Login attempt received for username: "abhinandan"
[AUTH] Login successful: User "abhinandan" (Role: super_admin)
[AUTH] Login attempt received for username: "abhinandan"
[AUTH] Login successful: User "abhinandan" (Role: super_admin)
[AUTH] Login attempt received for username: "abhinandan"
[AUTH] Login successful: User "abhinandan" (Role: super_admin)
[AUTH] Login attempt received for username: "95003869"
[AUTH] Login successful: User "95003869" (Role: engineer)
[AUTH] Login attempt received for username: "95004561"
[AUTH] Login successful: User "95004561" (Role: technician)
[AUTH] Login attempt received for username: "95003456"
[AUTH] Login successful: User "95003456" (Role: technician)
[AUTH] Login attempt received for username: "95003869"
[AUTH] Login successful: User "95003869" (Role: engineer)
[AUTH] Login attempt received for username: "95004582"
[AUTH] Login successful: User "95004582" (Role: technician)
[AUTH] Login attempt received for username: "95003869"
[AUTH] Login successful: User "95003869" (Role: engineer)
[AUTH] Login attempt received for username: "95003869"
[AUTH] Login successful: User "95003869" (Role: engineer)
[AUTH] Login attempt received for username: "95003869"
[AUTH] Login successful: User "95003869" (Role: engineer)
[AUTH] Login attempt received for username: "95004181"
[AUTH] Login successful: User "95004181" (Role: technician)
[AUTH] Login attempt received for username: "abhinandan"
[AUTH] Login successful: User "abhinandan" (Role: super_admin)
[AUTH] Login attempt received for username: "95003939"
[AUTH] Login successful: User "95003939" (Role: engineer)
[AUTH] Login attempt received for username: "95004582"
[AUTH] Login successful: User "95004582" (Role: technician)
[AUTH] Login attempt received for username: "95003869"
[AUTH] Login successful: User "95003869" (Role: engineer)
[AUTH] Login attempt received for username: "95004561"
[AUTH] Login successful: User "95004561" (Role: technician)
[AUTH] Login attempt received for username: "95003456"
[AUTH] Login successful: User "95003456" (Role: technician)
[AUTH] Login attempt received for username: "95003869"
[AUTH] Login successful: User "95003869" (Role: engineer)
[AUTH] Login attempt received for username: "95003456"
[AUTH] Login successful: User "95003456" (Role: technician)
[AUTH] Login attempt received for username: "95002872"
[AUTH] Login failed: Incorrect password for user "95002872"
[AUTH] Login attempt received for username: "95002872"
[AUTH] Login successful: User "95002872" (Role: engineer)
[AUTH] Login attempt received for username: "95003456"
[AUTH] Login failed: Incorrect password for user "95003456"
[AUTH] Login attempt received for username: "95003456"
[AUTH] Login successful: User "95003456" (Role: technician)
[AUTH] Login attempt received for username: "95002872"
[AUTH] Login failed: Incorrect password for user "95002872"
[AUTH] Login attempt received for username: "95002872"
[AUTH] Login successful: User "95002872" (Role: engineer)
[AUTH] Login attempt received for username: "95004181"
[AUTH] Login successful: User "95004181" (Role: technician)
[AUTH] Login attempt received for username: "95004143"
[AUTH] Login successful: User "95004143" (Role: technician)
[AUTH] Login attempt received for username: "95003873"
[AUTH] Login successful: User "95003873" (Role: technician)
[AUTH] Login attempt received for username: "95004181"
[AUTH] Login successful: User "95004181" (Role: technician)
[AUTH] Login attempt received for username: "95004182"
[AUTH] Login successful: User "95004182" (Role: engineer)
[AUTH] Login attempt received for username: "95003873"
[AUTH] Login successful: User "95003873" (Role: technician)
[AUTH] Login attempt received for username: "95005080"
[AUTH] Login successful: User "95005080" (Role: engineer)
[AUTH] Login attempt received for username: "95003939"
[AUTH] Login successful: User "95003939" (Role: engineer)
[AUTH] Login attempt received for username: "95003939"
[AUTH] Login successful: User "95003939" (Role: engineer)
[AUTH] Login attempt received for username: "95003939"
[AUTH] Login successful: User "95003939" (Role: engineer)
[AUTH] Login attempt received for username: "95005080"
[AUTH] Login successful: User "95005080" (Role: engineer)
[AUTH] Login attempt received for username: "95004182"
[AUTH] Login successful: User "95004182" (Role: engineer)
[AUTH] Login attempt received for username: "95003873"
[AUTH] Login successful: User "95003873" (Role: technician)
[AUTH] Login attempt received for username: "95003873"
[AUTH] Login successful: User "95003873" (Role: technician)
[AUTH] Login attempt received for username: "95004143"
[AUTH] Login successful: User "95004143" (Role: technician)
[AUTH] Login attempt received for username: "95003869"
[AUTH] Login successful: User "95003869" (Role: engineer)
[AUTH] Login attempt received for username: "95004561"
[AUTH] Login successful: User "95004561" (Role: technician)
[AUTH] Login attempt received for username: "95004582"
[AUTH] Login successful: User "95004582" (Role: technician)
[AUTH] Login attempt received for username: "95003456 "
[AUTH] Login failed: Incorrect password for user "95003456"
[AUTH] Login attempt received for username: "95003456 "
[AUTH] Login successful: User "95003456" (Role: technician)
[AUTH] Login attempt received for username: "95003869"
[AUTH] Login successful: User "95003869" (Role: engineer)
[AUTH] Login attempt received for username: "abhinandan"
[AUTH] Login successful: User "abhinandan" (Role: super_admin)
[AUTH] Login attempt received for username: "95001033"
[AUTH] Login successful: User "95001033" (Role: admin)
[AUTH] Login attempt received for username: "abhinandan"
[AUTH] Login successful: User "abhinandan" (Role: super_admin)
[AUTH] Login attempt received for username: "abhinandan"
[AUTH] Login successful: User "abhinandan" (Role: super_admin)
[AUTH] Login attempt received for username: "abhinandan"
[AUTH] Login successful: User "abhinandan" (Role: super_admin)
🔄 Running Prisma migrations...
Prisma schema loaded from prisma\schema.prisma
Datasource "db": PostgreSQL database "aoi_checklist", schema "public" at "localhost:5432"

13 migrations found in prisma/migrations


No pending migrations to apply.
✅ Prisma migrations applied successfully
👤 Default admin user checked/created successfully
🏭 Line status table seeded successfully
🚀 Server running on http://localhost:5001
[AUTH] Login attempt received for username: "abhinandan"
[AUTH] Login successful: User "abhinandan" (Role: super_admin)
[AUTH] Login attempt received for username: "95003869"
[AUTH] Login successful: User "95003869" (Role: engineer)
[AUTH] Login attempt received for username: "95004143"
[AUTH] Login successful: User "95004143" (Role: technician)
[AUTH] Login attempt received for username: "95004182"
[AUTH] Login successful: User "95004182" (Role: engineer)
[AUTH] Login attempt received for username: "95004182"
[AUTH] Login successful: User "95004182" (Role: engineer)
[AUTH] Login attempt received for username: "95005080"
[AUTH] Login successful: User "95005080" (Role: engineer)
[AUTH] Login attempt received for username: "95003873"
[AUTH] Login successful: User "95003873" (Role: technician)
[AUTH] Login attempt received for username: "95002872"
[AUTH] Login successful: User "95002872" (Role: engineer)
[AUTH] Login attempt received for username: "95002872"
[AUTH] Login successful: User "95002872" (Role: engineer)
[AUTH] Login attempt received for username: "95004182"
[AUTH] Login successful: User "95004182" (Role: engineer)
[AUTH] Login attempt received for username: "95003873"
[AUTH] Login successful: User "95003873" (Role: technician)
[AUTH] Login attempt received for username: "95005342"
[AUTH] Login failed: Username "95005342" not found
[AUTH] Login attempt received for username: "95005342"
[AUTH] Login failed: Username "95005342" not found
[AUTH] Login attempt received for username: "95005080"
[AUTH] Login successful: User "95005080" (Role: engineer)
[AUTH] Login attempt received for username: "95004182"
[AUTH] Login successful: User "95004182" (Role: engineer)
[AUTH] Login attempt received for username: "95004143"
[AUTH] Login successful: User "95004143" (Role: technician)
[AUTH] Login attempt received for username: "95005413"
[AUTH] Login failed: Incorrect password for user "95005413"
[AUTH] Login attempt received for username: "95005413"
[AUTH] Login failed: Incorrect password for user "95005413"
[AUTH] Login attempt received for username: "95005413"
[AUTH] Login successful: User "95005413" (Role: engineer)
[AUTH] Login attempt received for username: "95004561"
[AUTH] Login successful: User "95004561" (Role: technician)
[AUTH] Login attempt received for username: "95003869"
[AUTH] Login successful: User "95003869" (Role: engineer)
[AUTH] Login attempt received for username: "95004561"
[AUTH] Login successful: User "95004561" (Role: technician)
[AUTH] Login attempt received for username: "95003456"
[AUTH] Login successful: User "95003456" (Role: technician)
[AUTH] Login attempt received for username: "95004582"
[AUTH] Login failed: Incorrect password for user "95004582"
[AUTH] Login attempt received for username: "95004582"
[AUTH] Login successful: User "95004582" (Role: technician)
[AUTH] Login attempt received for username: "95003869"
[AUTH] Login successful: User "95003869" (Role: engineer)
[AUTH] Login attempt received for username: "abhinandan"
[AUTH] Login successful: User "abhinandan" (Role: super_admin)
[AUTH] Login attempt received for username: "abhinandan"
[AUTH] Login successful: User "abhinandan" (Role: super_admin)
[AUTH] Login attempt received for username: "95004143"
[AUTH] Login successful: User "95004143" (Role: technician)
[AUTH] Login attempt received for username: "95005080"
[AUTH] Login failed: Incorrect password for user "95005080"
[AUTH] Login attempt received for username: "95005080"
[AUTH] Login successful: User "95005080" (Role: engineer)
[AUTH] Login attempt received for username: "95003873"
[AUTH] Login successful: User "95003873" (Role: technician)
[AUTH] Login attempt received for username: "95002872"
[AUTH] Login successful: User "95002872" (Role: engineer)
[AUTH] Login attempt received for username: "95003869"
[AUTH] Login successful: User "95003869" (Role: engineer)
[AUTH] Login attempt received for username: "95003456"
[AUTH] Login successful: User "95003456" (Role: technician)
[AUTH] Login attempt received for username: "95004561"
[AUTH] Login successful: User "95004561" (Role: technician)
[AUTH] Login attempt received for username: "95005413"
[AUTH] Login successful: User "95005413" (Role: engineer)
[AUTH] Login attempt received for username: "abhinandan"
[AUTH] Login successful: User "abhinandan" (Role: super_admin)
[AUTH] Login attempt received for username: "95005413"
[AUTH] Login successful: User "95005413" (Role: engineer)
[AUTH] Login attempt received for username: "95005413"
[AUTH] Login successful: User "95005413" (Role: engineer)
[AUTH] Login attempt received for username: "95004561"
[AUTH] Login successful: User "95004561" (Role: technician)
[AUTH] Login attempt received for username: "95004582"
[AUTH] Login successful: User "95004582" (Role: technician)
[AUTH] Login attempt received for username: "abhinandan"
[AUTH] Login successful: User "abhinandan" (Role: super_admin)
[AUTH] Login attempt received for username: "95004181"
[AUTH] Login successful: User "95004181" (Role: technician)
[AUTH] Login attempt received for username: "95004154"
[AUTH] Login successful: User "95004154" (Role: technician)
[AUTH] Login attempt received for username: "95004154"
[AUTH] Login successful: User "95004154" (Role: technician)
[AUTH] Login attempt received for username: "95003939"
[AUTH] Login successful: User "95003939" (Role: engineer)
[AUTH] Login attempt received for username: "95001033"
[AUTH] Login successful: User "95001033" (Role: admin)
[AUTH] Login attempt received for username: "95003939"
[AUTH] Login successful: User "95003939" (Role: engineer)
[AUTH] Login attempt received for username: "95003939"
[AUTH] Login successful: User "95003939" (Role: engineer)
[AUTH] Login attempt received for username: "95004561"
[AUTH] Login successful: User "95004561" (Role: technician)
[AUTH] Login attempt received for username: "95005077"
[AUTH] Login successful: User "95005077" (Role: technician)
[AUTH] Login attempt received for username: "95002872"
[AUTH] Login successful: User "95002872" (Role: engineer)
[AUTH] Login attempt received for username: "95002872"
[AUTH] Login successful: User "95002872" (Role: engineer)
[AUTH] Login attempt received for username: "95003869"
[AUTH] Login successful: User "95003869" (Role: engineer)
[AUTH] Login attempt received for username: "95003456"
[AUTH] Login successful: User "95003456" (Role: technician)
[AUTH] Login attempt received for username: "95004561"
[AUTH] Login successful: User "95004561" (Role: technician)
[AUTH] Login attempt received for username: "95003869"
[AUTH] Login successful: User "95003869" (Role: engineer)
[AUTH] Login attempt received for username: "95004181"
[AUTH] Login successful: User "95004181" (Role: technician)
[AUTH] Login attempt received for username: "95003939"
[AUTH] Login successful: User "95003939" (Role: engineer)
[AUTH] Login attempt received for username: "95003939"
[AUTH] Login successful: User "95003939" (Role: engineer)
[AUTH] Login attempt received for username: "95004143"
[AUTH] Login successful: User "95004143" (Role: technician)
[AUTH] Login attempt received for username: "95004182"
[AUTH] Login successful: User "95004182" (Role: engineer)
[AUTH] Login attempt received for username: "95004327"
[AUTH] Login successful: User "95004327" (Role: inspector)
[AUTH] Login attempt received for username: "95004182"
[AUTH] Login successful: User "95004182" (Role: engineer)
[AUTH] Login attempt received for username: "abhinandan"
[AUTH] Login successful: User "abhinandan" (Role: super_admin)
[AUTH] Login attempt received for username: "95004182"
[AUTH] Login successful: User "95004182" (Role: engineer)
[AUTH] Login attempt received for username: "abhinandan"
[AUTH] Login successful: User "abhinandan" (Role: super_admin)
[AUTH] Login attempt received for username: "95001033"
[AUTH] Login successful: User "95001033" (Role: admin)
[AUTH] Login attempt received for username: "95005077"
[AUTH] Login successful: User "95005077" (Role: technician)
[AUTH] Login attempt received for username: "95004143"
[AUTH] Login successful: User "95004143" (Role: technician)
[AUTH] Login attempt received for username: "95003873"
[AUTH] Login successful: User "95003873" (Role: technician)
[AUTH] Login attempt received for username: "95003869"
[AUTH] Login successful: User "95003869" (Role: engineer)
[AUTH] Login attempt received for username: "95004561"
[AUTH] Login successful: User "95004561" (Role: technician)
[AUTH] Login attempt received for username: "95003456"
[AUTH] Login successful: User "95003456" (Role: technician)
[AUTH] Login attempt received for username: "95004582"
[AUTH] Login successful: User "95004582" (Role: technician)
[AUTH] Login attempt received for username: "95004143"
[AUTH] Login successful: User "95004143" (Role: technician)
[AUTH] Login attempt received for username: "abhinandan"
[AUTH] Login successful: User "abhinandan" (Role: super_admin)
[AUTH] Login attempt received for username: "95004182"
[AUTH] Login successful: User "95004182" (Role: engineer)
[AUTH] Login attempt received for username: "95003873"
[AUTH] Login successful: User "95003873" (Role: technician)
[AUTH] Login attempt received for username: "95005080"
[AUTH] Login successful: User "95005080" (Role: engineer)
[AUTH] Login attempt received for username: "95003873"
[AUTH] Login successful: User "95003873" (Role: technician)
[AUTH] Login attempt received for username: "95003869"
[AUTH] Login successful: User "95003869" (Role: engineer)
[AUTH] Login attempt received for username: "95004561"
[AUTH] Login successful: User "95004561" (Role: technician)
[AUTH] Login attempt received for username: "95003456"
[AUTH] Login successful: User "95003456" (Role: technician)
[AUTH] Login attempt received for username: "95004582"
[AUTH] Login successful: User "95004582" (Role: technician)
[AUTH] Login attempt received for username: "95003869"
[AUTH] Login successful: User "95003869" (Role: engineer)
[AUTH] Login attempt received for username: "95004561"
[AUTH] Login successful: User "95004561" (Role: technician)
[AUTH] Login attempt received for username: "95003869"
[AUTH] Login successful: User "95003869" (Role: engineer)
[AUTH] Login attempt received for username: "95002872"
[AUTH] Login successful: User "95002872" (Role: engineer)
[AUTH] Login attempt received for username: "95004561"
[AUTH] Login successful: User "95004561" (Role: technician)
[AUTH] Login attempt received for username: "95004143"
[AUTH] Login successful: User "95004143" (Role: technician)
[AUTH] Login attempt received for username: "95004181"
[AUTH] Login successful: User "95004181" (Role: technician)
[AUTH] Login attempt received for username: "95004154"
[AUTH] Login successful: User "95004154" (Role: technician)
[AUTH] Login attempt received for username: "95003873"
[AUTH] Login successful: User "95003873" (Role: technician)
[AUTH] Login attempt received for username: "95003869"
[AUTH] Login successful: User "95003869" (Role: engineer)
[AUTH] Login attempt received for username: "95003869"
[AUTH] Login failed: Incorrect password for user "95003869"
[AUTH] Login attempt received for username: "95003869"
[AUTH] Login successful: User "95003869" (Role: engineer)
[AUTH] Login attempt received for username: "95004561"
[AUTH] Login successful: User "95004561" (Role: technician)
[AUTH] Login attempt received for username: "95003456"
[AUTH] Login successful: User "95003456" (Role: technician)
[AUTH] Login attempt received for username: "95004582"
[AUTH] Login successful: User "95004582" (Role: technician)
[AUTH] Login attempt received for username: "95003869"
[AUTH] Login successful: User "95003869" (Role: engineer)
[AUTH] Login attempt received for username: "95002872"
[AUTH] Login successful: User "95002872" (Role: engineer)
[AUTH] Login attempt received for username: "95003869"
[AUTH] Login successful: User "95003869" (Role: engineer)
[AUTH] Login attempt received for username: "95004582"
[AUTH] Login successful: User "95004582" (Role: technician)
[AUTH] Login attempt received for username: "95003869"
[AUTH] Login successful: User "95003869" (Role: engineer)
[AUTH] Login attempt received for username: "95004561"
[AUTH] Login successful: User "95004561" (Role: technician)
[AUTH] Login attempt received for username: "95003456"
[AUTH] Login successful: User "95003456" (Role: technician)
[AUTH] Login attempt received for username: "95003869"
[AUTH] Login successful: User "95003869" (Role: engineer)
[AUTH] Login attempt received for username: "95002872"
[AUTH] Login successful: User "95002872" (Role: engineer)
[AUTH] Login attempt received for username: "95004182"
[AUTH] Login successful: User "95004182" (Role: engineer)
[AUTH] Login attempt received for username: "95002872"
[AUTH] Login successful: User "95002872" (Role: engineer)
[AUTH] Login attempt received for username: "95003873"
[AUTH] Login failed: Incorrect password for user "95003873"
[AUTH] Login attempt received for username: "95003873"
[AUTH] Login successful: User "95003873" (Role: technician)
[AUTH] Login attempt received for username: "95004143"
[AUTH] Login successful: User "95004143" (Role: technician)
[AUTH] Login attempt received for username: "95005080"
[AUTH] Login successful: User "95005080" (Role: engineer)
[AUTH] Login attempt received for username: "95004582"
[AUTH] Login successful: User "95004582" (Role: technician)
[AUTH] Login attempt received for username: "95004181"
[AUTH] Login successful: User "95004181" (Role: technician)
[AUTH] Login attempt received for username: "95004143"
[AUTH] Login successful: User "95004143" (Role: technician)
[AUTH] Login attempt received for username: "95005080"
[AUTH] Login successful: User "95005080" (Role: engineer)
[AUTH] Login attempt received for username: "95004182"
[AUTH] Login successful: User "95004182" (Role: engineer)
[AUTH] Login attempt received for username: "95003873"
[AUTH] Login successful: User "95003873" (Role: technician)
[AUTH] Login attempt received for username: "95005080"
[AUTH] Login successful: User "95005080" (Role: engineer)
[AUTH] Login attempt received for username: "95002872"
[AUTH] Login successful: User "95002872" (Role: engineer)
[AUTH] Login attempt received for username: "95004561"
[AUTH] Login successful: User "95004561" (Role: technician)
[AUTH] Login attempt received for username: "95003456"
[AUTH] Login successful: User "95003456" (Role: technician)
[AUTH] Login attempt received for username: "95004582"
[AUTH] Login failed: Incorrect password for user "95004582"
[AUTH] Login attempt received for username: "95004582"
[AUTH] Login successful: User "95004582" (Role: technician)
[AUTH] Login attempt received for username: "95004143"
[AUTH] Login successful: User "95004143" (Role: technician)
[AUTH] Login attempt received for username: "95004182"
[AUTH] Login successful: User "95004182" (Role: engineer)
[AUTH] Login attempt received for username: "95005080"
[AUTH] Login successful: User "95005080" (Role: engineer)
[AUTH] Login attempt received for username: "95003873"
[AUTH] Login successful: User "95003873" (Role: technician)
[AUTH] Login attempt received for username: "95003869"
[AUTH] Login successful: User "95003869" (Role: engineer)
[AUTH] Login attempt received for username: "95003869"
[AUTH] Login successful: User "95003869" (Role: engineer)
[AUTH] Login attempt received for username: "95004561"
[AUTH] Login successful: User "95004561" (Role: technician)
[AUTH] Login attempt received for username: "95003456"
[AUTH] Login successful: User "95003456" (Role: technician)
[AUTH] Login attempt received for username: "95004582"
[AUTH] Login successful: User "95004582" (Role: technician)
[AUTH] Login attempt received for username: "95003869"
[AUTH] Login successful: User "95003869" (Role: engineer)
[AUTH] Login attempt received for username: "95004143"
[AUTH] Login successful: User "95004143" (Role: technician)
[AUTH] Login attempt received for username: "95004182"
[AUTH] Login successful: User "95004182" (Role: engineer)
[AUTH] Login attempt received for username: "95005080"
[AUTH] Login successful: User "95005080" (Role: engineer)
[AUTH] Login attempt received for username: "95003873"
[AUTH] Login successful: User "95003873" (Role: technician)
[AUTH] Login attempt received for username: "95002872"
[AUTH] Login successful: User "95002872" (Role: engineer)
[AUTH] Login attempt received for username: "95003869"
[AUTH] Login successful: User "95003869" (Role: engineer)
[AUTH] Login attempt received for username: "95004561"
[AUTH] Login successful: User "95004561" (Role: technician)
[AUTH] Login attempt received for username: "95003456"
[AUTH] Login successful: User "95003456" (Role: technician)
[AUTH] Login attempt received for username: "95003869"
[AUTH] Login successful: User "95003869" (Role: engineer)
[AUTH] Login attempt received for username: "95005080"
[AUTH] Login successful: User "95005080" (Role: engineer)
[AUTH] Login attempt received for username: "95004154"
[AUTH] Login successful: User "95004154" (Role: technician)
[AUTH] Login attempt received for username: "95005080"
[AUTH] Login successful: User "95005080" (Role: engineer)
[AUTH] Login attempt received for username: "95003939"
[AUTH] Login successful: User "95003939" (Role: engineer)
[AUTH] Login attempt received for username: "95005080"
[AUTH] Login successful: User "95005080" (Role: engineer)
[AUTH] Login attempt received for username: "95005413"
[AUTH] Login successful: User "95005413" (Role: engineer)
[AUTH] Login attempt received for username: "95003869"
[AUTH] Login failed: Incorrect password for user "95003869"
[AUTH] Login attempt received for username: "95003869"
[AUTH] Login successful: User "95003869" (Role: engineer)
[AUTH] Login attempt received for username: "95004561"
[AUTH] Login successful: User "95004561" (Role: technician)
[AUTH] Login attempt received for username: "95003456"
[AUTH] Login successful: User "95003456" (Role: technician)
[AUTH] Login attempt received for username: "95005413"
[AUTH] Login failed: Incorrect password for user "95005413"
[AUTH] Login attempt received for username: "95005413"
[AUTH] Login failed: Incorrect password for user "95005413"
[AUTH] Login attempt received for username: "95005413"
[AUTH] Login failed: Incorrect password for user "95005413"
[AUTH] Login attempt received for username: "95005413"
[AUTH] Login successful: User "95005413" (Role: engineer)
[AUTH] Login attempt received for username: "95004582"
[AUTH] Login successful: User "95004582" (Role: technician)
[AUTH] Login attempt received for username: "95004582"
[AUTH] Login successful: User "95004582" (Role: technician)
[AUTH] Login attempt received for username: "95003869"
[AUTH] Login successful: User "95003869" (Role: engineer)
[AUTH] Login attempt received for username: "95004181"
[AUTH] Login successful: User "95004181" (Role: technician)
[AUTH] Login attempt received for username: "95002872"
[AUTH] Login successful: User "95002872" (Role: engineer)
[AUTH] Login attempt received for username: "95004182"
[AUTH] Login successful: User "95004182" (Role: engineer)
[AUTH] Login attempt received for username: "95004182"
[AUTH] Login failed: Incorrect password for user "95004182"
[AUTH] Login attempt received for username: "95003873"
[AUTH] Login successful: User "95003873" (Role: technician)
[AUTH] Login attempt received for username: "95004143"
[AUTH] Login successful: User "95004143" (Role: technician)
[AUTH] Login attempt received for username: "95004586"
[AUTH] Login failed: Username "95004586" not found
[AUTH] Login attempt received for username: "95005413"
[AUTH] Login successful: User "95005413" (Role: engineer)
[AUTH] Login attempt received for username: "95003939"
[AUTH] Login successful: User "95003939" (Role: engineer)
[AUTH] Login attempt received for username: "95004181"
[AUTH] Login successful: User "95004181" (Role: technician)
[AUTH] Login attempt received for username: "95004143"
[AUTH] Login successful: User "95004143" (Role: technician)
[AUTH] Login attempt received for username: "95005080"
[AUTH] Login successful: User "95005080" (Role: engineer)
[AUTH] Login attempt received for username: "95005080"
[AUTH] Login failed: Incorrect password for user "95005080"
[AUTH] Login attempt received for username: "95005080"
[AUTH] Login successful: User "95005080" (Role: engineer)
[AUTH] Login attempt received for username: "95004182"
[AUTH] Login successful: User "95004182" (Role: engineer)
[AUTH] Login attempt received for username: "95004181"
[AUTH] Login successful: User "95004181" (Role: technician)
[AUTH] Login attempt received for username: "95005080"
[AUTH] Login successful: User "95005080" (Role: engineer)
[AUTH] Login attempt received for username: "95004143"
[AUTH] Login successful: User "95004143" (Role: technician)
[AUTH] Login attempt received for username: "abhinandan"
[AUTH] Login successful: User "abhinandan" (Role: super_admin)
[AUTH] Login attempt received for username: "abhinandan"
[AUTH] Login successful: User "abhinandan" (Role: super_admin)
[AUTH] Login attempt received for username: "95003869"
[AUTH] Login successful: User "95003869" (Role: engineer)
[AUTH] Login attempt received for username: "95004561"
[AUTH] Login successful: User "95004561" (Role: technician)
[AUTH] Login attempt received for username: "95003456"
[AUTH] Login successful: User "95003456" (Role: technician)
[AUTH] Login attempt received for username: "95004561"
[AUTH] Login successful: User "95004561" (Role: technician)
[AUTH] Login attempt received for username: "95004582"
[AUTH] Login successful: User "95004582" (Role: technician)
[AUTH] Login attempt received for username: "95004582"
[AUTH] Login successful: User "95004582" (Role: technician)
[AUTH] Login attempt received for username: "95004143"
[AUTH] Login failed: Incorrect password for user "95004143"
[AUTH] Login attempt received for username: "95004143"
[AUTH] Login successful: User "95004143" (Role: technician)
[AUTH] Login attempt received for username: "95005080"
[AUTH] Login failed: Incorrect password for user "95005080"
[AUTH] Login attempt received for username: "95005080"
[AUTH] Login successful: User "95005080" (Role: engineer)
[AUTH] Login attempt received for username: "95003869"
[AUTH] Login successful: User "95003869" (Role: engineer)
[AUTH] Login attempt received for username: "95004561"
[AUTH] Login successful: User "95004561" (Role: technician)
[AUTH] Login attempt received for username: "95003869"
[AUTH] Login successful: User "95003869" (Role: engineer)
[AUTH] Login attempt received for username: "abhinandan"
[AUTH] Login successful: User "abhinandan" (Role: super_admin)
[AUTH] Login attempt received for username: "abhinandan"
[AUTH] Login successful: User "abhinandan" (Role: super_admin)
[AUTH] Login attempt received for username: "95005077"
[AUTH] Login successful: User "95005077" (Role: technician)
[AUTH] Login attempt received for username: "abhinandan"
[AUTH] Login successful: User "abhinandan" (Role: super_admin)
[AUTH] Login attempt received for username: "95004154"
[AUTH] Login successful: User "95004154" (Role: technician)
[AUTH] Login attempt received for username: "abhinandan"
[AUTH] Login successful: User "abhinandan" (Role: super_admin)
[AUTH] Login attempt received for username: "95003869"
[AUTH] Login successful: User "95003869" (Role: engineer)
[AUTH] Login attempt received for username: "95004561"
[AUTH] Login successful: User "95004561" (Role: technician)
[AUTH] Login attempt received for username: "95003869"
[AUTH] Login successful: User "95003869" (Role: engineer)
[AUTH] Login attempt received for username: "95005077"
[AUTH] Login successful: User "95005077" (Role: technician)
[AUTH] Login attempt received for username: "abhinandan"
[AUTH] Login successful: User "abhinandan" (Role: super_admin)
[AUTH] Login attempt received for username: "95005077"
[AUTH] Login successful: User "95005077" (Role: technician)
[AUTH] Login attempt received for username: "95004181"
[AUTH] Login successful: User "95004181" (Role: technician)
[AUTH] Login attempt received for username: "95004154"
[AUTH] Login successful: User "95004154" (Role: technician)
[AUTH] Login attempt received for username: "abhinandan"
[AUTH] Login successful: User "abhinandan" (Role: super_admin)
